trade_id,stock_symbol,quantity,purchase_price,sale_price,purchase_date,sale_date,profit,transaction_fee,net_profit
1,ODP,3699,832.14,339.21,2/23/2009,2/15/2016,-492.93,85.87,-578.8
2,HDS,9758,572.95,945.94,8/20/2014,9/4/2000,372.99,43.23,329.76
3,JBK,5121,197.9,959.01,11/30/2002,9/3/2006,761.11,79.29,681.82
4,ADSK,9280,808.88,642.9,4/17/2002,3/25/2018,-165.98,2.25,-168.23
5,MOD,603,51.06,0.35,4/18/2010,1/22/2001,-50.71,80.1,-130.81
6,SAUC,1504,12.55,142.11,6/26/2010,12/24/2005,129.56,81.62,47.94
7,TAX,930,510.69,838.55,3/15/2010,11/21/2019,327.86,4.39,323.47
8,WSO.B,6997,889.63,924.24,4/9/2008,2/7/2016,34.61,0.02,34.59
9,NEOG,6634,844.94,566.52,2/5/2009,9/8/2015,-278.42,31.66,-310.08
10,MRDNW,2323,964.78,376.77,1/12/2015,10/30/2013,-588.01,46.15,-634.16
11,PHK,1199,782.58,222.44,6/15/2006,3/7/2021,-560.14,67.93,-628.07
12,SKOR,4886,895.14,774.77,12/7/2000,10/7/2000,-120.37,72.32,-192.69
13,CTSO,4711,358.3,706.2,11/1/2019,4/15/2000,347.9,3.26,344.64
14,ARCW,930,652.18,522.84,8/30/2020,3/3/2015,-129.34,62.08,-191.42
15,MS^E,3665,156.04,924.65,8/21/2006,12/7/2013,768.61,47.24,721.37
16,RXN^A,221,653.53,216.0,5/31/2000,2/21/2013,-437.53,9.84,-447.37
17,CNOB,5418,368.42,951.59,12/21/2003,2/18/2005,583.17,15.65,567.52
18,MVT,6761,584.24,523.52,8/13/2019,3/1/2004,-60.72,15.68,-76.4
19,JBL,9249,641.2,889.87,12/24/2005,6/24/2008,248.67,72.71,175.96
20,AMFW,2966,410.69,949.68,3/20/2007,11/23/2007,538.99,84.04,454.95
21,SIGI,5092,615.28,504.98,2/7/2019,10/21/2014,-110.3,97.73,-208.03
22,PSA^Z,3135,157.75,587.1,1/13/2004,10/20/2007,429.35,54.41,374.94
23,KTP,8960,566.28,200.38,9/10/2014,1/31/2002,-365.9,34.94,-400.84
24,AF,3509,580.91,772.87,8/21/2002,2/5/2012,191.96,97.6,94.36
25,KGC,3001,144.43,423.66,11/25/2019,2/8/2007,279.23,16.42,262.81
26,CVO,3719,437.97,248.03,1/9/2011,7/31/2005,-189.94,83.47,-273.41
27,AXP,1817,384.04,397.01,8/10/2008,12/28/2019,12.97,89.41,-76.44
28,BNCL,1811,932.25,684.22,10/8/2005,1/24/2022,-248.03,97.56,-345.59
29,RCON,5744,59.38,42.94,10/6/2012,5/5/2016,-16.44,8.07,-24.51
30,AFH,3935,981.65,524.32,3/22/2002,11/29/2007,-457.33,49.64,-506.97
31,WFM,3765,368.95,247.51,3/29/2007,11/29/2005,-121.44,9.67,-131.11
32,SRI,5355,598.91,123.08,11/13/2014,10/2/2004,-475.83,10.74,-486.57
33,DDD,7480,617.5,882.71,12/12/2015,7/26/2015,265.21,21.72,243.49
34,VTGN,8941,397.35,277.65,7/11/2000,2/12/2017,-119.7,96.59,-216.29
35,HBM.WS,1409,866.59,736.72,9/14/2005,12/20/2011,-129.87,96.04,-225.91
36,OSBC,3595,523.1,329.38,5/5/2017,7/17/2009,-193.72,11.28,-205.0
37,ISSC,5338,519.09,995.98,9/1/2001,4/10/2015,476.89,40.4,436.49
38,RAVN,798,140.14,467.38,2/1/2002,6/11/2015,327.24,54.89,272.35
39,MYCC,8942,965.02,73.76,6/15/2011,6/11/2018,-891.26,84.62,-975.88
40,KED,1778,281.14,27.13,6/28/2018,12/11/2017,-254.01,35.34,-289.35
41,VSM,1742,462.16,439.79,3/17/2004,4/23/2014,-22.37,74.84,-97.21
42,AAWW,4766,331.89,50.82,5/20/2002,9/14/2011,-281.07,24.36,-305.43
43,ARH^C,4795,387.14,924.08,6/16/2006,5/31/2021,536.94,25.15,511.79
44,BAC^L,3831,543.34,385.29,1/25/2001,6/13/2019,-158.05,62.5,-220.55
45,DHR,3513,241.86,930.23,3/18/2012,2/10/2003,688.37,90.56,597.81
46,HZO,5290,400.42,57.74,7/28/2008,5/6/2005,-342.68,1.2,-343.88
47,FIT,965,559.52,265.95,4/10/2011,10/26/2000,-293.57,30.98,-324.55
48,ACXM,7545,673.09,247.44,4/6/2012,8/8/2014,-425.65,36.37,-462.02
49,SXI,5807,619.51,672.61,12/7/2015,7/2/2016,53.1,72.36,-19.26
50,PFO,5801,13.28,52.23,12/20/2007,8/16/2009,38.95,39.25,-0.3
51,AINV,1974,330.82,67.15,7/20/2008,6/27/2000,-263.67,51.88,-315.55
52,HBM,952,193.78,461.19,4/21/2005,4/15/2003,267.41,35.22,232.19
53,ORBC,5049,329.56,747.28,12/22/2014,4/24/2006,417.72,43.28,374.44
54,BGC,3826,645.2,7.09,7/24/2000,1/23/2014,-638.11,25.87,-663.98
55,SNAK,2719,359.53,207.98,1/26/2004,10/14/2019,-151.55,53.03,-204.58
56,HUN,2645,297.05,383.0,7/2/2001,8/29/2013,85.95,49.74,36.21
57,NDP,3880,563.19,847.48,5/28/2015,2/6/2003,284.29,55.23,229.06
58,SCM,6611,34.7,401.46,6/29/2007,10/12/2010,366.76,78.13,288.63
59,TOO^A,8274,286.26,401.25,12/24/2003,8/20/2004,114.99,31.12,83.87
60,HGV,8578,443.29,788.66,2/4/2004,2/23/2000,345.37,0.9,344.47
61,CIVBP,4592,672.25,693.07,3/31/2010,5/17/2012,20.82,85.31,-64.49
62,PRE^H,6605,635.35,869.92,10/6/2021,11/13/2001,234.57,32.5,202.07
63,NKSH,8032,177.89,451.68,11/15/2005,10/19/2011,273.79,91.58,182.21
64,VEDL,141,481.37,204.95,7/11/2011,9/12/2018,-276.42,37.81,-314.23
65,GBDC,1994,813.12,346.49,11/10/2016,9/9/2010,-466.63,59.11,-525.74
66,GEB,1649,814.09,313.89,9/21/2001,11/21/2000,-500.2,29.68,-529.88
67,COLL,6664,741.42,177.52,11/11/2020,2/17/2010,-563.9,2.25,-566.15
68,VGLT,6544,918.81,452.94,12/30/2012,11/23/2006,-465.87,76.8,-542.67
69,DNKN,5601,407.29,903.65,5/13/2014,6/10/2006,496.36,50.54,445.82
70,HRTX,5148,201.4,916.33,2/18/2014,9/5/2022,714.93,0.85,714.08
71,SELB,1688,459.43,34.38,4/9/2005,8/29/2022,-425.05,71.53,-496.58
72,SNGXW,4702,50.29,976.24,11/2/2015,10/16/2017,925.95,5.17,920.78
73,DISCA,625,824.11,326.61,1/13/2003,8/6/2007,-497.5,89.33,-586.83
74,CRT,7224,751.22,130.89,11/6/2017,5/7/2008,-620.33,46.4,-666.73
75,ABBV,4966,231.84,82.13,1/20/2019,12/2/2004,-149.71,86.2,-235.91
76,EVC,5589,790.78,119.16,12/13/2005,2/22/2005,-671.62,14.85,-686.47
77,CID,7514,777.17,304.66,7/4/2011,12/5/2021,-472.51,21.88,-494.39
78,DDR^A,5939,113.35,880.94,7/4/2003,4/8/2009,767.59,3.18,764.41
79,KTOS,1054,761.09,774.45,8/25/2013,10/4/2013,13.36,31.43,-18.07
80,DK,4374,273.09,520.26,4/19/2013,7/5/2004,247.17,33.6,213.57
81,FCAU,5245,110.86,144.52,12/24/2015,1/29/2018,33.66,53.0,-19.34
82,CMRX,7023,152.29,610.97,10/23/2016,11/20/2000,458.68,47.34,411.34
83,FRPH,2687,492.07,539.04,3/30/2013,10/5/2006,46.97,87.43,-40.46
84,MEET,7635,405.44,845.07,10/9/2011,2/27/2022,439.63,1.17,438.46
85,ALLT,9073,602.29,952.34,12/5/2008,9/12/2012,350.05,60.64,289.41
86,PCH,8308,106.15,530.55,1/31/2016,9/5/2005,424.4,81.58,342.82
87,MDU,8614,108.35,334.05,10/30/2008,4/2/2002,225.7,14.19,211.51
88,AES,7228,797.32,704.94,7/25/2014,7/13/2002,-92.38,43.3,-135.68
89,MCRB,165,423.42,106.55,7/12/2021,5/31/2015,-316.87,47.23,-364.1
90,ALNY,113,517.57,838.52,7/14/2020,2/23/2009,320.95,39.01,281.94
91,TST,3072,331.64,637.08,1/14/2007,1/22/2005,305.44,98.49,206.95
92,GNRT,6442,661.47,760.53,7/27/2016,9/21/2018,99.06,88.07,10.99
93,DFT,9507,42.8,534.1,12/23/2018,2/20/2003,491.3,78.92,412.38
94,AFSI^B,2513,14.39,3.32,1/31/2021,9/14/2002,-11.07,54.01,-65.08
95,KRP,4739,641.66,255.83,8/25/2008,2/22/2010,-385.83,64.95,-450.78
96,WBK,6917,672.64,903.45,12/27/2010,10/15/2011,230.81,28.39,202.42
97,BKN,5530,475.84,16.08,4/19/2002,2/5/2015,-459.76,85.06,-544.82
98,HUNTW,5131,249.84,814.18,10/11/2005,12/9/2005,564.34,9.4,554.94
99,CPAAW,3838,243.12,748.79,12/17/2019,8/14/2000,505.67,88.39,417.28
100,SNFCA,5667,130.18,550.17,12/11/2020,10/3/2006,419.99,47.05,372.94
101,AKAO,6182,708.61,409.46,4/24/2022,11/8/2000,-299.15,40.89,-340.04
102,IHD,8494,427.08,832.67,11/1/2007,4/19/2000,405.59,84.96,320.63
103,KEYW,348,375.15,714.67,12/9/2010,2/22/2014,339.52,44.53,294.99
104,VNO^K,3053,575.72,510.23,12/2/2010,5/15/2017,-65.49,77.1,-142.59
105,SITE,4571,38.72,354.11,11/26/2002,7/2/2007,315.39,7.37,308.02
106,FNF,8136,200.84,61.28,4/3/2011,10/6/2005,-139.56,72.08,-211.64
107,STI.WS.B,7310,919.92,780.97,5/11/2019,8/21/2005,-138.95,33.55,-172.5
108,CXO,500,982.96,573.28,4/16/2013,9/21/2008,-409.68,50.87,-460.55
109,GCBC,4580,939.85,716.88,11/3/2019,1/10/2002,-222.97,78.72,-301.69
110,CYRN,1419,80.84,394.23,7/7/2003,12/24/2012,313.39,66.38,247.01
111,SWJ,564,753.22,392.24,12/18/2013,10/28/2018,-360.98,75.95,-436.93
112,IP,9692,393.12,884.01,11/28/2017,2/24/2018,490.89,71.68,419.21
113,CELP,6714,138.02,307.17,7/21/2012,5/22/2006,169.15,45.78,123.37
114,ALGT,7439,515.13,155.7,1/9/2003,2/3/2010,-359.43,52.9,-412.33
115,ULBI,8952,358.28,795.54,3/3/2010,2/18/2019,437.26,1.83,435.43
116,POL,6162,801.39,376.52,11/17/2017,12/5/2004,-424.87,42.99,-467.86
117,MED,1984,78.73,699.21,7/6/2005,11/23/2006,620.48,13.02,607.46
118,PHM,5659,330.96,392.3,5/6/2018,3/15/2003,61.34,17.47,43.87
119,AHPA,6193,768.94,443.12,3/11/2022,7/5/2007,-325.82,79.58,-405.4
120,RXN,3244,450.08,730.06,11/19/2010,5/9/2002,279.98,16.36,263.62
121,MHK,3174,166.71,58.84,4/26/2017,11/27/2005,-107.87,43.46,-151.33
122,FPL,3277,391.28,574.8,8/29/2018,10/27/2020,183.52,90.6,92.92
123,FSB,2553,669.16,677.93,12/26/2015,1/24/2006,8.77,74.34,-65.57
124,NAKD,9658,139.24,333.22,9/13/2000,7/4/2022,193.98,13.77,180.21
125,BWINB,312,648.3,61.99,4/27/2005,11/15/2018,-586.31,28.53,-614.84
126,TEDU,8150,331.7,350.9,12/1/2008,5/15/2014,19.2,38.63,-19.43
127,T,7229,276.39,372.31,12/18/2010,7/31/2015,95.92,72.24,23.68
128,PBCTP,4771,434.89,536.39,9/13/2016,7/14/2018,101.5,40.11,61.39
129,PNI,6167,772.6,248.12,11/22/2007,4/26/2022,-524.48,81.84,-606.32
130,CTX,4846,135.27,683.81,5/26/2013,11/23/2015,548.54,14.89,533.65
131,SCCO,7553,672.78,131.77,10/10/2021,1/31/2005,-541.01,47.62,-588.63
132,FNTE,5619,636.43,664.44,8/15/2022,2/2/2013,28.01,3.73,24.28
133,PEB^D,3731,898.8,114.22,1/24/2021,6/7/2005,-784.58,35.9,-820.48
134,HLNE,10000,140.35,663.94,9/10/2008,11/28/2016,523.59,3.04,520.55
135,VEC,3188,73.0,353.81,11/9/2011,3/27/2005,280.81,38.13,242.68
136,ATH,4940,231.95,9.79,4/25/2009,3/7/2009,-222.16,3.18,-225.34
137,MBUU,9954,874.4,655.12,3/6/2020,11/25/2010,-219.28,36.87,-256.15
138,ETH,4306,360.68,192.98,2/21/2011,2/28/2019,-167.7,68.66,-236.36
139,PMO,1609,181.28,197.94,12/8/2018,3/14/2009,16.66,65.29,-48.63
140,NDRA,5036,246.52,973.96,9/17/2014,10/26/2020,727.44,72.57,654.87
141,ESLT,94,338.49,572.22,4/5/2007,10/29/2002,233.73,90.04,143.69
142,PRAH,5278,311.21,388.03,11/16/2010,11/30/2019,76.82,44.2,32.62
143,FTLB,8050,983.45,70.02,5/14/2016,9/28/2013,-913.43,32.65,-946.08
144,INDB,5199,713.2,662.71,11/7/2005,12/11/2004,-50.49,57.8,-108.29
145,PANL,4741,226.29,845.16,3/13/2004,3/3/2017,618.87,39.22,579.65
146,IIIN,8223,102.52,968.99,6/29/2019,3/21/2004,866.47,66.87,799.6
147,PCAR,3920,284.99,821.08,7/18/2001,4/13/2013,536.09,32.76,503.33
148,TGS,5158,150.59,624.56,5/10/2001,12/2/2022,473.97,50.49,423.48
149,CHH,4777,482.95,358.43,5/26/2011,12/18/2016,-124.52,46.74,-171.26
150,XGTIW,4499,200.65,222.36,12/26/2007,12/13/2017,21.71,44.35,-22.64
151,PPIH,3846,108.0,342.04,8/28/2017,6/6/2016,234.04,40.83,193.21
152,MNOV,3066,537.91,392.09,4/1/2006,5/7/2002,-145.82,55.32,-201.14
153,OMC,7924,719.68,764.18,11/11/2020,9/26/2001,44.5,38.63,5.87
154,CHEKW,9904,267.63,940.14,9/6/2015,9/27/2020,672.51,93.24,579.27
155,DVMT,4592,938.01,101.09,9/16/2005,4/25/2011,-836.92,98.75,-935.67
156,NOVN,2732,607.55,616.99,1/20/2014,12/2/2002,9.44,39.26,-29.82
157,HBHCL,7640,791.28,315.16,5/30/2008,9/30/2019,-476.12,23.46,-499.58
158,PIH,6238,345.62,461.98,12/2/2022,8/11/2000,116.36,80.18,36.18
159,CYRN,9929,328.99,966.18,7/16/2002,4/29/2014,637.19,31.71,605.48
160,ADI,8320,205.29,214.75,9/23/2004,1/13/2008,9.46,9.15,0.31
161,CNBKA,8089,395.73,679.06,11/13/2012,6/23/2017,283.33,64.52,218.81
162,GEL,9059,708.7,637.34,1/7/2002,11/7/2002,-71.36,67.09,-138.45
163,WTS,6745,896.58,896.43,6/2/2010,3/9/2003,-0.15,33.68,-33.83
164,NODK,8879,890.94,520.54,5/7/2001,8/12/2011,-370.4,41.39,-411.79
165,NLSN,8378,250.79,419.94,2/5/2014,2/27/2000,169.15,96.95,72.2
166,NSH,8301,394.21,228.2,1/13/2015,9/25/2009,-166.01,47.09,-213.1
167,TCBI,2016,333.79,113.84,9/3/2000,1/8/2022,-219.95,87.37,-307.32
168,ACGL,7528,595.47,442.79,11/9/2019,6/6/2014,-152.68,69.67,-222.35
169,LTC,3559,905.06,900.42,5/14/2019,1/4/2007,-4.64,2.48,-7.12
170,APTS,1604,908.32,270.57,7/10/2006,4/29/2014,-637.75,8.38,-646.13
171,NESR,1507,747.49,910.96,11/24/2017,2/16/2014,163.47,72.53,90.94
172,AUPH,7931,345.1,210.91,3/10/2022,10/24/2015,-134.19,19.19,-153.38
173,TDS,3872,881.75,611.87,12/29/2014,10/2/2019,-269.88,95.8,-365.68
174,GHY,8316,879.06,635.87,10/16/2013,4/12/2019,-243.19,67.58,-310.77
175,CERS,5952,753.32,494.81,5/10/2000,4/11/2008,-258.51,66.99,-325.5
176,DHG,3768,927.78,135.87,4/30/2014,2/2/2021,-791.91,54.42,-846.33
177,STMP,5214,165.33,2.09,9/15/2018,1/5/2007,-163.24,35.2,-198.44
178,USOI,8928,964.33,147.2,9/9/2011,6/29/2021,-817.13,4.49,-821.62
179,WLTW,9156,543.75,840.36,1/17/2017,4/13/2022,296.61,98.63,197.98
180,FHY,7585,415.51,426.07,2/24/2020,4/10/2001,10.56,30.9,-20.34
181,FSV,5671,348.53,360.72,7/9/2001,8/26/2003,12.19,53.23,-41.04
182,FTI,7580,77.57,917.86,10/7/2015,3/7/2008,840.29,91.41,748.88
183,GNRC,146,522.45,505.51,4/21/2015,9/9/2010,-16.94,0.39,-17.33
184,RIC,5230,383.93,135.15,7/16/2008,2/24/2002,-248.78,42.52,-291.3
185,POOL,5107,891.34,446.67,4/30/2005,11/5/2022,-444.67,66.54,-511.21
186,PSA^A,1459,346.08,192.15,5/20/2021,3/11/2014,-153.93,35.36,-189.29
187,YY,8984,417.47,221.83,5/4/2013,1/8/2013,-195.64,29.48,-225.12
188,OXLCN,6664,93.98,805.05,12/16/2018,3/17/2022,711.07,7.61,703.46
189,KEF,9353,831.88,569.32,11/5/2020,10/9/2021,-262.56,91.67,-354.23
190,CBF,986,967.95,727.19,8/12/2018,9/10/2000,-240.76,25.89,-266.65
191,ARRS,8366,181.5,820.92,3/19/2004,7/31/2010,639.42,63.05,576.37
192,CCI,978,430.42,253.41,2/6/2008,1/7/2001,-177.01,33.56,-210.57
193,FEYE,5251,372.05,304.4,8/13/2017,10/17/2002,-67.65,91.06,-158.71
194,GNK,9615,208.68,531.7,9/18/2003,2/8/2021,323.02,60.78,262.24
195,FTXD,1763,616.31,811.8,8/24/2004,5/17/2015,195.49,40.78,154.71
196,JPM^G,8197,27.2,331.11,7/30/2015,9/25/2018,303.91,62.23,241.68
197,BLD,2772,883.64,234.09,10/2/2004,1/2/2022,-649.55,47.19,-696.74
198,CE,60,507.69,440.99,12/13/2021,9/10/2022,-66.7,75.21,-141.91
199,REXR,3565,252.45,293.25,2/26/2019,8/10/2002,40.8,60.38,-19.58
200,AGO,41,134.79,577.34,4/26/2002,8/23/2009,442.55,1.28,441.27
201,BNFT,9403,317.48,673.02,2/27/2011,5/6/2003,355.54,2.45,353.09
202,ADXS,9359,84.73,581.99,3/26/2020,4/2/2003,497.26,92.44,404.82
203,CELP,2270,435.49,450.92,11/17/2018,3/17/2011,15.43,5.69,9.74
204,PEBK,4366,57.32,800.55,6/30/2019,7/4/2007,743.23,75.01,668.22
205,NVMI,977,791.23,715.55,11/3/2012,7/29/2008,-75.68,92.84,-168.52
206,BRID,4599,807.97,595.8,6/21/2012,3/16/2019,-212.17,72.57,-284.74
207,TGTX,1194,324.32,910.7,9/21/2009,11/15/2002,586.38,97.66,488.72
208,EDIT,3040,742.43,488.8,4/2/2005,10/28/2016,-253.63,33.89,-287.52
209,AGRO,336,408.57,575.01,5/10/2013,12/15/2000,166.44,29.01,137.43
210,TEF,833,663.04,866.0,3/27/2012,8/26/2005,202.96,73.71,129.25
211,GTLS,1360,906.28,115.06,3/10/2006,7/2/2009,-791.22,48.31,-839.53
212,REVG,1467,840.93,475.04,6/5/2007,6/18/2014,-365.89,78.78,-444.67
213,MMD,3522,329.77,941.36,12/22/2004,4/9/2005,611.59,85.59,526.0
214,STAR^F,3985,174.96,874.44,4/7/2003,8/20/2010,699.48,37.01,662.47
215,LBTYA,1781,733.21,97.65,3/26/2002,8/7/2006,-635.56,35.09,-670.65
216,NDRO,5284,352.39,104.26,5/5/2017,7/24/2014,-248.13,54.34,-302.47
217,AFSI^F,3653,246.47,590.27,12/19/2012,6/19/2012,343.8,3.97,339.83
218,VTL,7399,606.59,559.41,3/29/2017,11/15/2019,-47.18,33.95,-81.13
219,MNKD,4423,57.9,184.81,7/28/2006,1/5/2001,126.91,49.83,77.08
220,CSII,721,957.75,507.79,4/12/2000,9/2/2016,-449.96,20.29,-470.25
221,CPLP,4307,480.24,948.14,2/25/2022,3/25/2021,467.9,18.05,449.85
222,BBGI,4197,516.23,217.08,6/3/2007,7/2/2000,-299.15,70.36,-369.51
223,LITB,2621,18.73,351.81,11/21/2011,1/8/2004,333.08,33.9,299.18
224,LPCN,7572,617.08,626.33,5/14/2002,1/14/2014,9.25,74.37,-65.12
225,AZRE,462,882.89,438.52,6/28/2019,5/17/2021,-444.37,30.49,-474.86
226,BCH,157,219.17,296.34,1/28/2011,2/22/2001,77.17,47.16,30.01
227,WYNN,7069,212.37,725.38,11/4/2009,1/4/2022,513.01,11.32,501.69
228,KTOV,4390,62.09,821.35,2/10/2018,9/15/2021,759.26,10.86,748.4
229,RRD,5949,480.89,871.4,6/13/2016,2/19/2017,390.51,34.62,355.89
230,DRUA,8756,300.38,902.04,9/2/2013,7/3/2013,601.66,57.32,544.34
231,TDS,7457,646.06,846.06,6/4/2010,9/29/2015,200.0,83.07,116.93
232,VSAR,3083,214.08,358.53,12/3/2022,1/25/2006,144.45,26.22,118.23
233,CBB^B,4794,722.51,29.02,2/1/2021,4/26/2009,-693.49,56.32,-749.81
234,KMM,1000,268.14,798.89,2/20/2002,9/20/2011,530.75,87.61,443.14
235,NYMTP,6781,543.22,546.06,8/29/2000,7/12/2018,2.84,25.53,-22.69
236,GOGO,6761,548.39,139.53,8/4/2015,8/17/2005,-408.86,41.23,-450.09
237,PAAC,2234,962.93,583.79,4/9/2010,4/30/2009,-379.14,76.2,-455.34
238,TCO,2210,349.86,424.74,8/25/2014,9/11/2001,74.88,84.64,-9.76
239,IROQ,9163,514.94,342.46,12/9/2005,10/8/2022,-172.48,58.17,-230.65
240,BCOR,6353,239.07,383.82,2/2/2002,8/12/2016,144.75,35.53,109.22
241,WRB,1779,439.96,544.12,7/6/2006,11/30/2002,104.16,72.36,31.8
242,KED,6247,569.37,43.46,10/24/2012,12/2/2015,-525.91,55.4,-581.31
243,PL^C,827,177.33,752.85,5/10/2005,7/27/2006,575.52,95.42,480.1
244,RAIL,4294,691.01,209.97,4/25/2021,8/26/2015,-481.04,89.16,-570.2
245,SNOAW,2861,546.93,464.43,10/1/2016,7/20/2017,-82.5,57.41,-139.91
246,ASA,2659,134.72,717.16,3/26/2004,5/18/2018,582.44,3.73,578.71
247,SMMF,2705,185.08,622.67,10/6/2009,12/6/2020,437.59,71.38,366.21
248,CMI,1129,882.88,30.33,11/11/2008,10/6/2016,-852.55,84.49,-937.04
249,CUB,921,129.57,917.25,1/12/2007,2/17/2001,787.68,53.6,734.08
250,UCFC,8423,593.31,725.02,10/4/2017,12/7/2021,131.71,76.57,55.14
251,FFIC,5707,456.31,468.32,6/22/2012,7/3/2011,12.01,33.13,-21.12
252,GAINM,3107,525.51,557.16,4/20/2002,11/11/2022,31.65,45.87,-14.22
253,AGLE,4899,305.47,315.12,3/14/2015,12/8/2018,9.65,62.59,-52.94
254,RUN,8196,509.76,49.92,10/7/2007,12/20/2020,-459.84,48.44,-508.28
255,NYMT,9349,328.29,99.5,1/25/2001,4/8/2004,-228.79,6.18,-234.97
256,ONVI,4041,225.57,326.32,3/16/2003,11/10/2014,100.75,18.1,82.65
257,FSIC,5781,240.54,524.93,4/19/2016,3/23/2009,284.39,8.83,275.56
258,ASBB,3133,204.91,398.1,3/2/2011,4/2/2010,193.19,13.6,179.59
259,ALCO,3157,561.39,323.14,11/8/2007,9/24/2007,-238.25,56.86,-295.11
260,ORBK,1896,26.4,694.55,3/30/2011,5/24/2016,668.15,86.98,581.17
261,NAVG,3712,919.19,577.74,11/23/2016,7/30/2018,-341.45,68.94,-410.39
262,RDS.A,1377,891.47,715.74,7/13/2015,3/21/2012,-175.73,80.2,-255.93
263,DLR^H,4936,954.38,49.95,10/4/2009,3/8/2011,-904.43,45.87,-950.3
264,FGBI,9955,10.83,817.05,12/27/2003,3/20/2013,806.22,79.12,727.1
265,THLD,9133,494.84,489.0,12/26/2013,11/30/2006,-5.84,75.71,-81.55
266,SLRA,3692,348.93,25.33,11/30/2022,1/13/2019,-323.6,33.35,-356.95
267,BFK,8198,700.6,638.82,8/27/2015,9/9/2018,-61.78,79.93,-141.71
268,COMM,5690,927.26,642.18,4/4/2000,3/24/2010,-285.08,5.23,-290.31
269,DELTW,3220,450.2,380.16,10/5/2013,10/19/2006,-70.04,81.29,-151.33
270,IFV,6873,259.66,168.0,11/15/2013,3/7/2021,-91.66,31.18,-122.84
271,CHFN,8420,27.47,867.48,11/19/2008,9/12/2003,840.01,84.63,755.38
272,GJP,4016,270.45,814.49,10/31/2008,12/1/2018,544.04,81.43,462.61
273,HNRG,4929,885.88,740.01,6/29/2000,3/15/2002,-145.87,50.87,-196.74
274,O,1508,658.99,182.68,3/3/2002,4/24/2013,-476.31,8.74,-485.05
275,RARX,8948,618.47,669.5,4/27/2005,4/4/2017,51.03,62.73,-11.7
276,UL,2481,249.05,48.37,10/30/2002,11/3/2014,-200.68,77.55,-278.23
277,CREE,8630,431.86,933.08,11/20/2004,7/16/2000,501.22,88.71,412.51
278,MCHI,4947,126.85,108.2,1/13/2018,11/20/2009,-18.65,85.5,-104.15
279,LULU,7493,975.0,816.08,8/21/2012,12/5/2009,-158.92,98.27,-257.19
280,NTAP,7404,626.17,971.49,12/27/2016,11/16/2011,345.32,73.47,271.85
281,QUOT,9136,318.49,401.42,11/19/2000,5/3/2009,82.93,51.1,31.83
282,OMAA,1331,721.28,915.66,10/14/2012,2/5/2022,194.38,3.41,190.97
283,UZC,9815,15.69,217.36,6/20/2002,4/4/2005,201.67,80.73,120.94
284,TCCB,9205,989.19,951.44,7/25/2017,2/18/2010,-37.75,44.07,-81.82
285,MOMO,2422,743.16,952.15,9/17/2019,9/9/2014,208.99,4.54,204.45
286,CLX,8867,337.31,538.8,8/28/2000,4/19/2003,201.49,73.66,127.83
287,STRT,8550,907.78,341.98,7/7/2000,1/7/2019,-565.8,40.27,-606.07
288,PBSK,1474,849.77,827.6,1/5/2021,7/7/2000,-22.17,24.31,-46.48
289,AI^B,6183,238.04,699.26,9/12/2014,1/8/2020,461.22,41.32,419.9
290,CSTR,4570,168.74,498.36,6/10/2015,10/13/2022,329.62,28.93,300.69
291,FCH,5286,543.09,421.69,1/11/2011,1/29/2014,-121.4,0.62,-122.02
292,THW,1689,821.67,397.94,3/16/2002,4/14/2006,-423.73,70.87,-494.6
293,ASML,6321,49.62,222.82,4/14/2017,7/23/2019,173.2,63.52,109.68
294,SODA,7133,506.7,70.55,6/21/2016,1/14/2006,-436.15,71.04,-507.19
295,PAA,2395,716.79,316.25,5/11/2021,9/7/2015,-400.54,22.64,-423.18
296,AMP,6318,905.42,746.46,1/4/2017,7/13/2001,-158.96,8.45,-167.41
297,IIIN,5747,805.58,563.44,7/23/2002,1/15/2004,-242.14,88.44,-330.58
298,PLUG,8174,361.03,879.31,6/25/2008,10/13/2001,518.28,34.37,483.91
299,INN,5064,801.17,486.18,1/13/2001,3/9/2012,-314.99,28.85,-343.84
300,RFI,8766,661.61,375.75,8/8/2021,7/27/2020,-285.86,52.37,-338.23
301,IPKW,2243,244.05,15.46,8/1/2014,12/15/2017,-228.59,16.98,-245.57
302,INFR,6999,695.04,541.12,10/12/2022,12/6/2014,-153.92,40.46,-194.38
303,SCHW,5331,323.83,142.63,10/4/2006,6/12/2001,-181.2,2.28,-183.48
304,STO,5194,609.84,129.57,3/26/2019,8/4/2018,-480.27,69.14,-549.41
305,SSYS,1492,477.6,885.37,2/23/2014,2/6/2005,407.77,48.94,358.83
306,BDX,7295,781.63,346.21,11/21/2002,12/16/2014,-435.42,64.88,-500.3
307,FDX,7536,781.97,914.87,9/2/2015,10/24/2015,132.9,47.2,85.7
308,IAE,966,316.07,865.29,10/7/2001,7/11/2008,549.22,69.55,479.67
309,HUN,970,842.49,748.69,11/20/2012,4/21/2021,-93.8,92.76,-186.56
310,PPP,5862,655.37,169.29,9/25/2002,12/16/2015,-486.08,7.11,-493.19
311,PAVMW,1503,406.31,713.27,12/29/2004,1/16/2022,306.96,45.93,261.03
312,WASH,5378,3.17,626.38,7/4/2016,11/15/2008,623.21,51.43,571.78
313,AVDL,4186,764.09,565.4,12/7/2012,2/3/2009,-198.69,11.66,-210.35
314,REXR^A,3551,887.88,759.39,10/28/2008,5/11/2018,-128.49,43.99,-172.48
315,SAUC,4934,980.84,190.77,3/16/2008,1/10/2013,-790.07,67.76,-857.83
316,FARM,51,277.78,406.15,5/10/2016,12/22/2014,128.37,9.49,118.88
317,ZX,392,826.53,321.64,3/16/2002,6/26/2009,-504.89,21.87,-526.76
318,WHLM,4402,215.87,682.24,4/1/2003,1/27/2021,466.37,56.74,409.63
319,SMIT,5977,320.89,636.66,12/20/2009,3/4/2007,315.77,10.6,305.17
320,HOS,3490,856.15,407.44,3/24/2005,4/20/2015,-448.71,78.18,-526.89
321,CBI,2476,783.25,375.3,7/29/2004,10/24/2005,-407.95,41.01,-448.96
322,CSTM,517,208.32,151.74,3/31/2018,4/25/2014,-56.58,95.71,-152.29
323,WPPGY,2070,793.08,766.1,2/22/2009,1/20/2003,-26.98,93.99,-120.97
324,HLNE,1802,100.86,636.34,1/16/2001,3/21/2009,535.48,28.35,507.13
325,BPFHW,6420,601.85,679.18,3/17/2019,6/14/2020,77.33,16.28,61.05
326,CCOI,1231,27.32,156.98,4/26/2001,8/28/2015,129.66,61.28,68.38
327,JRVR,3342,149.87,894.38,1/22/2005,3/2/2012,744.51,40.51,704.0
328,REFR,6539,80.0,739.34,10/31/2022,1/5/2005,659.34,65.15,594.19
329,SAH,7627,477.83,183.11,12/26/2002,2/1/2004,-294.72,87.67,-382.39
330,EEFT,42,790.67,306.03,9/1/2003,3/31/2014,-484.64,61.41,-546.05
331,CBLI,5316,352.4,251.64,10/26/2008,9/20/2008,-100.76,51.63,-152.39
332,BBG,4876,153.55,590.78,11/2/2019,1/25/2004,437.23,23.91,413.32
333,GSIT,3413,918.26,510.86,5/13/2007,5/13/2016,-407.4,79.17,-486.57
334,NEE^C,3163,628.9,143.12,4/25/2014,9/5/2013,-485.78,25.02,-510.8
335,PSA^T,2771,266.56,470.02,8/18/2001,1/17/2001,203.46,46.86,156.6
336,OHAI,3572,560.24,630.1,6/19/2013,11/25/2008,69.86,38.07,31.79
337,EFX,744,840.87,711.94,4/24/2016,6/7/2003,-128.93,52.8,-181.73
338,BGR,7636,370.34,919.39,1/26/2006,6/17/2008,549.05,73.06,475.99
339,DTE,1546,956.26,863.6,7/22/2005,8/21/2010,-92.66,83.2,-175.86
340,BOH,8826,479.0,782.63,5/6/2016,9/27/2000,303.63,41.44,262.19
341,BOSC,7279,884.3,757.94,7/6/2015,3/5/2020,-126.36,64.5,-190.86
342,BGS,9126,13.89,275.54,11/19/2021,9/23/2008,261.65,30.5,231.15
343,PZZA,1459,686.96,8.73,4/21/2014,6/11/2004,-678.23,25.48,-703.71
344,AIMC,9889,826.18,218.16,2/27/2017,7/15/2014,-608.02,17.17,-625.19
345,PEI,4587,323.46,354.8,7/23/2014,4/2/2015,31.34,55.77,-24.43
346,JHI,5390,925.53,120.03,9/30/2014,6/16/2018,-805.5,76.29,-881.79
347,EVHC,5000,762.37,986.17,7/26/2009,5/4/2017,223.8,29.65,194.15
348,THR,4127,893.22,51.67,6/4/2021,12/5/2004,-841.55,10.61,-852.16
349,CCI,7046,607.88,913.88,3/19/2012,7/4/2005,306.0,7.4,298.6
350,IDE,4191,88.69,852.57,10/13/2004,8/13/2000,763.88,35.07,728.81
351,HYXE,2256,178.24,484.51,10/21/2005,1/15/2001,306.27,50.58,255.69
352,RHT,6989,178.45,708.59,8/18/2016,2/9/2011,530.14,75.95,454.19
353,WDC,721,722.2,517.91,12/9/2015,9/8/2017,-204.29,78.63,-282.92
354,IRET^B,6215,62.12,797.58,11/26/2003,3/31/2013,735.46,53.79,681.67
355,CNXR,8540,617.4,536.2,8/5/2019,12/4/2011,-81.2,50.11,-131.31
356,PMPT,9676,198.69,978.21,10/24/2020,6/27/2019,779.52,73.25,706.27
357,NGL,8469,479.77,513.31,11/25/2017,11/28/2005,33.54,91.69,-58.15
358,CXO,337,810.45,912.04,9/27/2013,11/4/2010,101.59,43.88,57.71
359,ARU.CL,3085,513.07,507.55,9/6/2003,4/15/2004,-5.52,79.55,-85.07
360,TDI,8638,382.38,565.21,7/23/2006,6/25/2021,182.83,23.53,159.3
361,FLXS,4124,129.32,11.24,5/5/2008,7/4/2005,-118.08,92.68,-210.76
362,STON,3435,982.31,551.26,7/16/2000,3/12/2008,-431.05,64.82,-495.87
363,HASI,5404,780.74,626.41,1/3/2019,6/28/2019,-154.33,21.7,-176.03
364,PAYC,4202,10.94,345.36,12/29/2004,5/24/2021,334.42,84.51,249.91
365,BKU,6498,894.79,401.29,2/23/2019,4/11/2009,-493.5,37.05,-530.55
366,GOV,8526,319.13,904.79,7/26/2016,1/20/2016,585.66,4.62,581.04
367,ALK,2842,370.77,419.77,3/14/2000,12/21/2019,49.0,49.84,-0.84
368,ARMK,6934,985.45,67.72,4/16/2013,6/10/2002,-917.73,11.41,-929.14
369,NNY,4300,151.7,784.8,2/20/2001,7/9/2017,633.1,46.36,586.74
370,CPTAL,8685,573.96,822.23,4/21/2008,1/28/2015,248.27,5.28,242.99
371,CTRN,9430,624.59,243.05,1/13/2020,9/21/2021,-381.54,52.22,-433.76
372,ARD,3431,313.04,64.23,11/5/2013,7/11/2016,-248.81,76.66,-325.47
373,HIO,601,156.91,953.65,8/30/2022,5/13/2001,796.74,18.5,778.24
374,CAI,9767,888.58,254.34,5/27/2005,9/18/2011,-634.24,69.64,-703.88
375,CSOD,7149,921.62,111.89,10/11/2015,6/27/2012,-809.73,17.43,-827.16
376,QGEN,8971,602.66,371.25,9/8/2010,2/19/2007,-231.41,67.74,-299.15
377,GEC,8063,709.35,57.48,5/10/2005,10/25/2007,-651.87,73.06,-724.93
378,AIQ,6234,895.14,975.73,1/24/2002,2/3/2010,80.59,34.48,46.11
379,PFIS,4268,488.6,267.86,10/19/2001,2/20/2013,-220.74,90.33,-311.07
380,LABL,3064,927.38,239.81,3/8/2012,11/26/2004,-687.57,86.64,-774.21
381,JILL,4752,117.67,385.0,11/5/2002,2/16/2021,267.33,79.03,188.3
382,SGY,5456,543.34,351.5,7/29/2014,12/27/2011,-191.84,15.22,-207.06
383,TV,6021,172.01,668.18,4/22/2000,2/22/2011,496.17,83.68,412.49
384,FNTEU,4580,449.14,951.62,6/17/2002,2/11/2012,502.48,53.8,448.68
385,IPG,7193,242.24,665.5,3/12/2021,7/8/2001,423.26,93.88,329.38
386,ESL,1923,244.09,405.91,6/23/2001,11/27/2020,161.82,4.38,157.44
387,CMCM,2259,904.11,710.52,10/4/2008,4/18/2022,-193.59,70.41,-264.0
388,ANW,1010,713.46,266.34,10/26/2000,8/24/2000,-447.12,68.53,-515.65
389,PTCT,3392,560.48,755.27,8/2/2020,5/21/2005,194.79,22.34,172.45
390,CATS,806,626.44,839.07,9/13/2013,10/27/2000,212.63,30.44,182.19
391,ROKA,9634,576.41,326.22,7/2/2007,12/9/2013,-250.19,63.12,-313.31
392,PNC^P,3459,309.49,812.88,4/19/2001,3/30/2013,503.39,87.15,416.24
393,ESE,8354,360.59,882.52,3/10/2018,1/22/2021,521.93,65.26,456.67
394,HGV,2565,874.14,341.67,2/15/2010,11/17/2017,-532.47,22.4,-554.87
395,SSBI,9062,375.92,155.09,11/21/2018,12/2/2001,-220.83,60.11,-280.94
396,SNSR,36,949.56,365.3,9/19/2022,9/14/2000,-584.26,92.2,-676.46
397,CCRC,6737,852.01,544.86,12/27/2009,8/10/2021,-307.15,67.76,-374.91
398,PFN,355,490.16,636.43,6/11/2013,11/13/2014,146.27,39.83,106.44
399,TOO^B,1783,218.92,554.87,12/1/2007,5/17/2011,335.95,94.24,241.71
400,VMBS,992,847.64,698.76,1/5/2021,12/15/2022,-148.88,58.42,-207.3
401,FDIV,725,872.86,496.87,10/19/2020,11/30/2002,-375.99,86.75,-462.74
402,CALM,6087,532.76,147.27,4/25/2011,1/27/2010,-385.49,70.78,-456.27
403,MIII,9503,805.67,238.25,11/26/2004,9/17/2002,-567.42,23.32,-590.74
404,OB,3282,966.31,385.86,9/4/2015,3/11/2002,-580.45,37.33,-617.78
405,CST,7827,967.55,505.29,4/14/2005,8/1/2003,-462.26,89.46,-551.72
406,BXMT,2399,227.29,32.02,12/7/2008,7/7/2005,-195.27,61.12,-256.39
407,MIII,2154,174.32,464.85,1/20/2009,5/18/2011,290.53,98.81,191.72
408,MFM,6582,713.32,628.07,5/10/2016,10/7/2020,-85.25,44.45,-129.7
409,ESG,9482,334.51,915.58,6/25/2015,11/27/2020,581.07,31.52,549.55
410,NTES,6998,488.52,237.4,4/19/2013,11/12/2016,-251.12,61.43,-312.55
411,AHPI,7055,301.37,714.08,10/28/2011,7/22/2020,412.71,50.47,362.24
412,IRET,5016,818.08,855.02,5/3/2020,7/3/2009,36.94,55.34,-18.4
413,SPNS,7317,993.17,40.6,1/1/2010,5/17/2022,-952.57,68.53,-1021.1
414,BTT,2640,923.48,498.32,10/3/2015,4/9/2022,-425.16,32.66,-457.82
415,PCO,5353,191.7,304.79,11/28/2015,1/15/2022,113.09,83.79,29.3
416,WRD,3286,525.49,407.64,1/7/2003,3/9/2013,-117.85,99.92,-217.77
417,WAIR,4042,923.7,951.9,5/10/2019,7/24/2007,28.2,55.5,-27.3
418,BLMT,9618,32.55,883.2,5/8/2014,6/15/2010,850.65,72.82,777.83
419,PE,3240,245.63,995.72,6/26/2012,6/21/2020,750.09,93.52,656.57
420,NTEST.C,9470,710.9,830.17,6/24/2007,3/10/2001,119.27,35.15,84.12
421,RKDA,6620,619.67,614.06,1/3/2002,6/1/2000,-5.61,0.06,-5.67
422,TGH,9133,922.35,451.6,11/12/2015,3/25/2019,-470.75,52.07,-522.82
423,ODC,9125,170.11,145.89,4/11/2008,7/9/2016,-24.22,5.46,-29.68
424,LRCX,7822,47.3,616.63,12/26/2009,4/7/2014,569.33,17.26,552.07
425,VST,2652,334.89,465.98,11/4/2005,11/26/2019,131.09,60.44,70.65
426,WFC^N,1830,679.03,297.26,2/2/2014,6/23/2000,-381.77,61.35,-443.12
427,OFED,1904,338.38,392.8,1/10/2004,10/27/2007,54.42,62.21,-7.79
428,WNEB,3316,491.18,988.44,8/5/2022,3/9/2006,497.26,4.17,493.09
429,FII,9450,370.27,676.95,10/6/2019,6/2/2003,306.68,65.9,240.78
430,ENOC,587,235.95,880.07,12/17/2013,1/16/2012,644.12,35.32,608.8
431,ABEOW,1501,661.98,264.53,7/25/2002,8/14/2000,-397.45,22.43,-419.88
432,TRVG,4258,787.02,189.68,12/31/2000,2/28/2003,-597.34,72.0,-669.34
433,DLNG^A,6562,240.13,708.11,7/12/2012,1/28/2002,467.98,86.91,381.07
434,NOA,9997,111.64,285.37,10/4/2013,9/28/2002,173.73,87.89,85.84
435,IP,9809,73.85,588.63,7/17/2010,6/2/2009,514.78,45.7,469.08
436,SSRI,9447,351.34,733.0,4/15/2008,4/22/2012,381.66,37.4,344.26
437,GFY,2817,700.05,676.9,12/8/2022,10/12/2020,-23.15,7.25,-30.4
438,JNPR,222,996.32,484.29,3/5/2006,3/18/2012,-512.03,53.12,-565.15
439,AIQ,4275,165.54,164.23,4/6/2005,8/30/2008,-1.31,84.48,-85.79
440,CCL,7145,475.78,789.75,4/11/2012,8/30/2004,313.97,86.66,227.31
441,IGOV,7923,461.33,916.08,5/12/2019,6/4/2007,454.75,3.68,451.07
442,SPNE,3889,93.58,271.57,6/27/2000,7/30/2006,177.99,21.77,156.22
443,APEI,1014,959.57,444.6,7/4/2004,3/6/2013,-514.97,14.02,-528.99
444,KURA,4660,313.34,102.71,12/3/2008,4/26/2001,-210.63,0.62,-211.25
445,TNC,6704,717.4,594.08,10/12/2012,7/15/2008,-123.32,96.69,-220.01
446,LMNX,7022,760.81,148.18,8/31/2010,9/16/2000,-612.63,82.18,-694.81
447,TRCB,4436,787.96,481.59,6/8/2003,10/8/2016,-306.37,64.05,-370.42
448,BML^L,2120,880.84,588.04,11/8/2001,10/7/2018,-292.8,9.96,-302.76
449,MMDMU,7703,476.35,681.43,12/10/2012,1/10/2001,205.08,60.88,144.2
450,PKW,2596,910.38,308.4,9/30/2009,4/8/2005,-601.98,56.17,-658.15
451,PERY,2563,398.36,967.67,4/17/2006,9/22/2005,569.31,55.94,513.37
452,WFT,4766,814.91,497.64,10/12/2020,5/25/2012,-317.27,3.74,-321.01
453,FMI,7072,734.89,541.29,11/2/2009,11/7/2021,-193.6,29.2,-222.8
454,GRFS,4579,770.12,576.69,2/25/2005,7/24/2022,-193.43,24.43,-217.86
455,TLF,1212,224.42,33.15,5/15/2003,12/9/2000,-191.27,9.05,-200.32
456,FMK,6893,924.36,973.91,6/27/2015,3/23/2006,49.55,84.33,-34.78
457,KTH,4630,176.51,652.95,7/14/2014,9/11/2002,476.44,79.96,396.48
458,SBRAP,5052,293.25,803.41,2/8/2013,2/2/2005,510.16,44.36,465.8
459,SSBI,4918,49.22,338.07,7/30/2015,9/16/2001,288.85,75.49,213.36
460,FDUS,4987,32.44,279.05,2/19/2005,2/2/2022,246.61,10.93,235.68
461,SINO,8260,57.04,336.16,4/9/2002,11/18/2009,279.12,83.19,195.93
462,NGHC,5002,174.72,83.18,8/18/2012,4/16/2018,-91.54,34.43,-125.97
463,CCD,7437,898.98,980.24,1/7/2020,12/28/2019,81.26,42.32,38.94
464,FPO,8943,661.13,780.5,8/15/2017,9/7/2002,119.37,59.22,60.15
465,FTAI,2146,578.19,571.91,8/21/2010,8/12/2006,-6.28,67.55,-73.83
466,JCP,4502,835.64,315.01,1/24/2015,3/30/2004,-520.63,52.41,-573.04
467,MHN,6575,882.48,150.85,3/28/2015,5/17/2022,-731.63,29.44,-761.07
468,LOGI,5789,592.6,708.51,11/30/2005,5/11/2010,115.91,93.38,22.53
469,SLM,2763,44.16,738.79,7/28/2014,3/27/2020,694.63,37.36,657.27
470,PCM,1537,285.96,767.67,11/2/2022,6/18/2002,481.71,57.57,424.14
471,NVRO,3601,386.54,178.24,9/12/2021,9/11/2011,-208.3,5.55,-213.85
472,PHIIK,4043,908.82,990.15,8/27/2013,2/20/2005,81.33,63.14,18.19
473,VRML,1345,75.37,797.53,2/18/2022,8/30/2003,722.16,8.85,713.31
474,EOCC,5466,646.28,453.75,3/29/2018,2/2/2018,-192.53,64.36,-256.89
475,OPB,8910,923.81,314.27,4/1/2002,11/4/2013,-609.54,19.58,-629.12
476,WDR,5974,137.14,287.15,7/18/2011,7/9/2020,150.01,15.29,134.72
477,BKT,13,860.6,900.17,8/22/2001,12/18/2005,39.57,88.34,-48.77
478,SUPN,5114,862.54,432.46,10/3/2018,11/12/2017,-430.08,99.84,-529.92
479,TNET,336,699.73,54.06,8/2/2011,5/16/2014,-645.67,75.19,-720.86
480,SEAS,6181,868.0,494.07,12/7/2009,2/24/2016,-373.93,19.62,-393.55
481,CJJD,4503,645.72,160.49,4/2/2001,5/17/2013,-485.23,8.22,-493.45
482,UBND,3448,131.38,309.7,4/26/2019,5/20/2012,178.32,92.19,86.13
483,CYS^A,2252,361.44,913.36,3/1/2018,11/16/2014,551.92,68.65,483.27
484,JCAP,7901,146.82,872.29,12/4/2020,6/25/2020,725.47,20.46,705.01
485,ATH,9105,15.37,557.97,2/14/2002,7/15/2011,542.6,35.8,506.8
486,CNS,889,345.37,589.46,3/8/2006,5/16/2017,244.09,26.51,217.58
487,MAA^I,862,229.98,463.85,1/29/2007,8/31/2018,233.87,25.34,208.53
488,BFS,8632,109.76,73.23,7/1/2013,2/6/2022,-36.53,2.53,-39.06
489,UIS,101,142.66,839.32,2/1/2013,2/10/2015,696.66,91.4,605.26
490,VMI,6231,111.1,997.75,7/18/2013,2/9/2015,886.65,4.81,881.84
491,HSEB,5306,177.44,627.49,10/10/2011,4/7/2014,450.05,76.1,373.95
492,BPOPN,1391,911.18,647.41,1/23/2005,10/9/2019,-263.77,86.85,-350.62
493,AOSL,403,201.17,651.53,3/4/2006,5/4/2007,450.36,66.65,383.71
494,MKL,1019,126.49,581.41,10/15/2000,1/29/2000,454.92,3.81,451.11
495,DLR^G,4246,97.59,363.93,1/15/2009,9/20/2019,266.34,46.34,220.0
496,NVFY,3516,560.36,683.39,12/21/2005,3/1/2022,123.03,97.72,25.31
497,PTGX,5355,723.37,904.17,9/26/2016,7/31/2004,180.8,93.37,87.43
498,TRCO,723,158.07,273.56,4/19/2011,2/25/2017,115.49,87.17,28.32
499,GSHTU,6127,530.8,122.4,1/24/2015,8/13/2002,-408.4,55.27,-463.67
500,JMEI,206,692.11,269.14,5/5/2014,7/8/2009,-422.97,11.29,-434.26
501,PAAC,4439,490.22,489.45,7/5/2008,4/19/2020,-0.77,77.24,-78.01
502,SBS,4800,535.26,478.13,8/12/2009,6/16/2016,-57.13,68.98,-126.11
503,AFG,1924,977.21,533.69,3/5/2019,12/29/2008,-443.52,81.57,-525.09
504,FRC^D,2696,973.07,585.67,8/27/2013,4/27/2020,-387.4,78.8,-466.2
505,TAIT,1354,478.86,414.29,12/4/2007,9/21/2018,-64.57,76.47,-141.04
506,CGNT,1511,807.26,87.76,8/16/2011,8/22/2007,-719.5,4.97,-724.47
507,BVSN,3521,545.34,51.99,5/6/2010,3/10/2016,-493.35,1.94,-495.29
508,LPCN,8440,617.04,459.94,8/25/2020,4/23/2007,-157.1,44.69,-201.79
509,NETE,1985,741.42,702.31,7/13/2018,3/22/2009,-39.11,66.86,-105.97
510,TWTR,1970,515.01,850.39,3/18/2013,4/17/2005,335.38,52.11,283.27
511,IVTY,9099,819.79,256.87,5/7/2022,5/6/2010,-562.92,14.73,-577.65
512,SEAC,5004,248.16,715.29,5/15/2022,11/20/2012,467.13,42.94,424.19
513,PKE,1765,866.08,920.21,7/13/2005,6/24/2007,54.13,63.36,-9.23
514,KYN^F,9142,747.54,878.17,5/6/2018,9/28/2011,130.63,59.29,71.34
515,PKG,1876,315.58,166.94,6/5/2006,7/9/2007,-148.64,60.65,-209.29
516,TECH,369,381.2,588.69,6/8/2000,11/15/2018,207.49,74.33,133.16
517,CBS,6763,711.14,57.85,5/12/2014,7/27/2013,-653.29,62.05,-715.34
518,SRNE,3064,827.87,193.29,5/20/2019,12/18/2006,-634.58,3.76,-638.34
519,TFX,4487,644.4,886.66,12/4/2018,9/25/2009,242.26,57.04,185.22
520,ABCB,8347,662.98,121.55,7/14/2009,2/17/2022,-541.43,38.73,-580.16
521,HRMN,8034,268.72,22.83,12/21/2015,3/23/2005,-245.89,62.33,-308.22
522,CHD,1683,657.61,270.94,11/13/2006,3/15/2008,-386.67,70.66,-457.33
523,BAM,1531,479.1,108.33,2/23/2005,9/22/2019,-370.77,86.16,-456.93
524,DD^B,672,303.06,188.45,2/25/2019,11/30/2021,-114.61,8.25,-122.86
525,SGBX,4253,849.51,331.23,3/9/2002,4/5/2022,-518.28,72.18,-590.46
526,CASC,8610,498.5,557.85,7/30/2013,2/18/2016,59.35,56.62,2.73
527,EPR^E,2933,781.84,305.71,2/28/2016,6/2/2007,-476.13,77.25,-553.38
528,FCVT,2247,974.0,644.41,2/1/2006,8/15/2014,-329.59,6.62,-336.21
529,ATVI,693,500.92,102.6,10/20/2021,6/26/2001,-398.32,24.65,-422.97
530,BCH,6091,71.01,899.82,11/12/2001,12/1/2005,828.81,37.24,791.57
531,THG,7554,751.33,803.93,2/25/2008,10/12/2012,52.6,64.93,-12.33
532,PSA^D,4555,372.25,688.27,8/3/2022,8/2/2020,316.02,5.48,310.54
533,CPRT,6780,401.94,931.28,3/18/2013,1/7/2018,529.34,4.72,524.62
534,AGTC,5376,578.11,797.38,7/18/2010,5/15/2001,219.27,30.37,188.9
535,OB,2756,265.97,943.74,2/22/2002,12/18/2014,677.77,19.41,658.36
536,TRR,5327,302.34,668.81,3/16/2011,2/22/2015,366.47,41.3,325.17
537,OTIC,8639,407.05,632.71,12/20/2022,10/20/2011,225.66,56.62,169.04
538,PCN,8164,444.38,304.47,1/30/2011,1/7/2022,-139.91,80.83,-220.74
539,BANC,8430,600.91,317.72,4/2/2001,10/5/2016,-283.19,5.41,-288.6
540,EQC^D,9286,738.24,64.36,11/4/2011,9/14/2003,-673.88,91.72,-765.6
541,TOO,2946,838.9,882.69,2/22/2000,9/2/2021,43.79,10.77,33.02
542,CKH,5780,353.73,801.36,9/19/2001,1/28/2001,447.63,20.64,426.99
543,LHO^J,5292,716.79,384.49,4/21/2001,5/19/2016,-332.3,36.44,-368.74
544,FLY,4387,54.67,122.55,8/7/2013,10/9/2007,67.88,32.03,35.85
545,IDA,8739,39.62,249.05,1/4/2013,10/28/2012,209.43,27.98,181.45
546,GSOL,9890,281.14,410.86,6/24/2017,7/9/2004,129.72,84.24,45.48
547,KYN^F,5921,329.58,281.94,10/15/2000,12/14/2004,-47.64,42.92,-90.56
548,MYGN,6247,425.3,598.3,10/21/2016,2/28/2021,173.0,6.56,166.44
549,DDT,5368,973.85,924.54,10/5/2004,4/5/2010,-49.31,2.78,-52.09
550,SBFGP,5394,553.75,327.82,8/9/2004,5/8/2019,-225.93,49.98,-275.91
551,BV,8605,250.49,234.11,5/14/2002,9/15/2016,-16.38,82.74,-99.12
552,WPT,2686,94.68,291.51,11/23/2005,12/5/2010,196.83,31.21,165.62
553,GLPI,4405,777.21,204.11,5/13/2017,8/28/2004,-573.1,16.55,-589.65
554,NMR,4283,262.53,650.13,12/1/2013,8/9/2005,387.6,34.12,353.48
555,NFEC,8080,461.17,473.49,5/22/2018,8/13/2009,12.32,69.45,-57.13
556,IIIN,2623,956.02,315.47,1/10/2018,5/10/2016,-640.55,53.05,-693.6
557,ALJ,6791,697.55,490.6,1/13/2020,1/20/2008,-206.95,72.49,-279.44
558,EXC,5992,985.26,83.11,3/25/2018,4/8/2005,-902.15,70.76,-972.91
559,CHW,1916,390.44,374.75,4/27/2016,8/24/2021,-15.69,12.09,-27.78
560,GLNG,3154,893.48,463.44,8/5/2017,11/4/2004,-430.04,42.2,-472.24
561,NXN,9456,272.84,6.97,1/5/2008,6/1/2011,-265.87,77.68,-343.55
562,BLIN          ,988,790.64,99.21,8/7/2006,3/11/2016,-691.43,32.69,-724.12
563,ECCA,3143,171.97,771.57,12/3/2000,2/29/2016,599.6,20.85,578.75
564,CACQ,6003,796.72,954.86,7/31/2016,1/23/2002,158.14,95.04,63.1
565,ORBK,4045,554.88,571.16,10/26/2019,2/19/2019,16.28,5.11,11.17
566,KNX,3496,649.59,415.57,11/20/2001,5/28/2003,-234.02,84.85,-318.87
567,PODD,7032,194.87,417.48,1/24/2003,1/24/2022,222.61,94.59,128.02
568,BAC.WS.A,5349,52.07,86.95,12/1/2006,6/26/2006,34.88,25.76,9.12
569,MTN,6965,652.86,878.78,8/3/2019,10/2/2006,225.92,24.95,200.97
570,HCA,8279,298.15,921.24,4/21/2009,4/6/2002,623.09,86.95,536.14
571,AWRE,5941,84.85,796.69,5/22/2006,10/12/2021,711.84,20.29,691.55
572,FUND,4801,88.04,952.86,6/6/2018,4/25/2000,864.82,94.38,770.44
573,FLWS,8660,566.95,695.64,6/25/2015,10/25/2020,128.69,74.22,54.47
574,UNIT,7102,939.78,219.14,4/19/2019,10/15/2011,-720.64,71.72,-792.36
575,FI,2364,492.11,759.94,2/4/2001,7/19/2017,267.83,80.95,186.88
576,HIG,3779,820.93,513.54,9/17/2002,11/29/2020,-307.39,11.55,-318.94
577,CEQP,7218,605.26,831.73,11/2/2019,9/20/2017,226.47,21.55,204.92
578,SOHOM,2200,64.62,699.18,8/20/2004,9/21/2009,634.56,23.92,610.64
579,UHS,7751,896.74,29.74,7/30/2014,5/1/2005,-867.0,28.24,-895.24
580,SNN,8916,668.32,624.39,9/20/2008,7/15/2000,-43.93,63.59,-107.52
581,XOXO,193,834.36,427.49,3/16/2012,8/25/2019,-406.87,6.41,-413.28
582,TSBK,9542,254.15,298.98,2/15/2003,11/9/2001,44.83,9.52,35.31
583,PRKR,9613,895.96,739.7,1/5/2014,8/19/2022,-156.26,49.47,-205.73
584,VSTM,2775,896.32,332.09,4/5/2012,4/24/2009,-564.23,87.99,-652.22
585,CYRX,2739,277.49,937.41,3/30/2003,7/23/2017,659.92,32.78,627.14
586,DYNC,9572,26.02,300.35,7/25/2011,11/19/2018,274.33,5.36,268.97
587,LQDT,2850,201.6,411.53,12/27/2017,9/14/2020,209.93,67.2,142.73
588,CBB^B,2597,404.14,557.69,11/10/2012,7/25/2019,153.55,87.09,66.46
589,BWP,3202,592.33,350.34,5/25/2000,3/3/2000,-241.99,94.09,-336.08
590,RTTR,2735,604.14,511.73,6/1/2007,10/3/2003,-92.41,46.94,-139.35
591,GBAB,2384,375.42,773.27,4/22/2009,3/7/2006,397.85,64.55,333.3
592,SSW^G,2562,926.86,696.94,5/23/2001,7/5/2017,-229.92,85.29,-315.21
593,AUY,3154,90.77,61.71,6/23/2000,11/5/2021,-29.06,42.77,-71.83
594,FALN,2826,757.15,784.65,12/21/2018,3/21/2020,27.5,74.72,-47.22
595,EDR,8392,215.37,495.15,4/16/2015,1/24/2011,279.78,52.27,227.51
596,CDNA,9293,329.81,194.79,4/20/2001,3/26/2010,-135.02,27.55,-162.57
597,AVIR,5513,937.56,852.74,8/19/2007,8/26/2000,-84.82,5.1,-89.92
598,BPFHP,7817,758.5,317.1,7/31/2005,5/29/2010,-441.4,84.04,-525.44
599,GGP,9408,188.5,621.4,4/12/2010,8/6/2018,432.9,94.69,338.21
600,THGA,7350,328.9,8.62,11/4/2004,8/22/2006,-320.28,53.85,-374.13
601,VOYA,1084,499.32,19.81,5/25/2006,7/30/2002,-479.51,40.05,-519.56
602,PGTI,4546,58.26,777.66,11/1/2021,9/29/2008,719.4,42.66,676.74
603,MS^A,2096,971.2,366.06,1/30/2021,1/27/2004,-605.14,17.37,-622.51
604,FHB,3916,192.22,735.63,11/5/2003,2/21/2019,543.41,68.16,475.25
605,LAKE,4147,232.89,928.5,10/26/2019,3/8/2000,695.61,82.47,613.14
606,HRTX,3178,673.76,532.56,9/25/2010,11/29/2022,-141.2,51.77,-192.97
607,EVK,8208,707.42,262.38,12/25/2002,4/4/2003,-445.04,97.56,-542.6
608,CCM,878,788.64,259.97,7/22/2005,10/5/2003,-528.67,15.68,-544.35
609,UBNK,765,698.33,553.66,7/3/2011,4/25/2020,-144.67,91.25,-235.92
610,ACRX,5477,903.14,7.44,12/28/2005,5/24/2005,-895.7,44.87,-940.57
611,RELV,7669,130.42,107.97,11/27/2016,11/10/2001,-22.45,94.12,-116.57
612,RIG,8208,380.26,865.99,5/31/2009,10/22/2009,485.73,11.81,473.92
613,DRD,5488,929.16,673.11,12/3/2002,4/13/2001,-256.05,80.67,-336.72
614,SRV,2064,772.41,540.67,1/29/2015,11/21/2010,-231.74,49.55,-281.29
615,ECYT,7303,152.01,242.76,2/15/2021,8/7/2019,90.75,13.54,77.21
616,XHR,5598,962.37,629.24,7/7/2007,7/20/2010,-333.13,43.34,-376.47
617,UNT,7650,352.23,408.06,3/27/2019,2/5/2011,55.83,28.42,27.41
618,DWLD,9228,699.63,438.51,11/23/2013,2/24/2015,-261.12,27.95,-289.07
619,JCE,9101,180.12,46.68,9/17/2013,3/20/2015,-133.44,16.02,-149.46
620,SWM,1257,733.66,325.01,2/25/2014,11/27/2001,-408.65,97.15,-505.8
621,MCRN,4094,583.11,257.37,11/12/2006,7/11/2013,-325.74,41.48,-367.22
622,PCN,7866,338.67,785.61,12/15/2011,6/22/2010,446.94,67.31,379.63
623,FDT,5276,788.29,359.91,7/12/2021,5/14/2001,-428.38,43.54,-471.92
624,MTG,9091,126.99,407.75,2/27/2018,7/2/2018,280.76,75.17,205.59
625,NMIH,267,404.2,989.29,3/3/2012,3/10/2005,585.09,65.95,519.14
626,WAGE,452,883.76,503.75,5/26/2020,1/10/2022,-380.01,33.02,-413.03
627,ESCA,4427,951.43,882.84,1/15/2008,11/14/2017,-68.59,98.01,-166.6
628,CLSD,5030,239.29,593.11,12/6/2008,12/7/2004,353.82,79.69,274.13
629,EXEL,3460,843.04,797.36,10/15/2002,11/21/2002,-45.68,41.73,-87.41
630,REXR^A,7142,929.2,549.58,11/30/2019,4/28/2012,-379.62,92.04,-471.66
631,FOR,9667,702.52,557.73,10/22/2009,10/3/2008,-144.79,72.33,-217.12
632,MCHX,7217,809.46,214.71,2/13/2009,7/21/2011,-594.75,32.15,-626.9
633,GWRE,9904,551.74,846.91,3/27/2006,5/26/2007,295.17,5.02,290.15
634,KKR^B,3597,598.96,433.14,9/27/2003,12/20/2011,-165.82,65.22,-231.04
635,XTLB,5289,986.8,989.7,1/14/2018,12/27/2007,2.9,35.98,-33.08
636,SHIPW,3732,545.24,468.69,11/17/2003,7/19/2003,-76.55,94.84,-171.39
637,UEPS,818,894.15,819.0,2/28/2004,3/22/2003,-75.15,7.46,-82.61
638,TSLF,5288,403.61,10.95,5/3/2013,6/14/2014,-392.66,10.14,-402.8
639,DYSL,9166,158.04,21.14,8/1/2004,11/29/2014,-136.9,57.87,-194.77
640,SBPH,8312,254.86,517.61,5/23/2003,4/2/2014,262.75,52.94,209.81
641,ITI,9825,234.49,703.96,8/2/2006,2/25/2020,469.47,72.19,397.28
642,SWX,3801,848.32,29.85,11/25/2009,10/4/2022,-818.47,85.3,-903.77
643,FLXS,4141,677.11,826.56,4/28/2019,2/7/2018,149.45,27.12,122.33
644,D,7746,796.86,955.29,1/14/2007,10/6/2013,158.43,72.75,85.68
645,VTN,1721,11.61,231.26,8/27/2022,5/1/2012,219.65,92.91,126.74
646,FATE,5480,655.65,247.91,5/27/2008,1/3/2017,-407.74,63.87,-471.61
647,CNQ,2475,178.6,55.31,6/21/2002,11/17/2001,-123.29,50.21,-173.5
648,CADC,9226,771.79,763.63,4/2/2008,3/15/2003,-8.16,56.16,-64.32
649,WHLRW,4345,812.27,549.48,11/11/2005,3/21/2015,-262.79,72.12,-334.91
650,TDIV,6333,9.44,248.77,9/10/2009,11/7/2005,239.33,71.93,167.4
651,XOG,5607,915.75,197.37,1/30/2016,1/15/2006,-718.38,2.72,-721.1
652,QPACU,2604,336.2,779.21,1/15/2010,8/17/2011,443.01,39.87,403.14
653,STAG,1025,868.72,868.52,7/13/2001,3/1/2013,-0.2,11.08,-11.28
654,DTUL,821,869.13,55.46,2/9/2014,5/15/2008,-813.67,99.06,-912.73
655,ARCB,5967,928.2,879.41,3/17/2000,12/19/2005,-48.79,45.92,-94.71
656,FLR,7967,445.9,196.79,11/29/2016,7/24/2013,-249.11,0.37,-249.48
657,VRA,1541,355.72,643.29,3/31/2020,2/28/2003,287.57,29.11,258.46
658,TRHC,611,587.72,986.95,3/13/2005,10/19/2010,399.23,96.91,302.32
659,RY^T,4077,213.0,765.52,3/29/2011,3/20/2014,552.52,57.17,495.35
660,RPRX,9273,693.76,610.77,7/6/2002,8/16/2007,-82.99,21.8,-104.79
661,EGO,4516,128.68,31.64,8/28/2005,3/12/2009,-97.04,91.84,-188.88
662,PTH,5093,824.35,888.58,11/4/2004,2/3/2005,64.23,2.54,61.69
663,AI,9134,452.54,600.93,7/23/2019,10/1/2008,148.39,43.84,104.55
664,IGLD,8337,301.61,879.22,8/16/2011,12/12/2001,577.61,95.65,481.96
665,IGR,3500,622.93,506.07,4/20/2021,4/1/2000,-116.86,29.09,-145.95
666,BLVDW,8344,215.79,290.61,11/16/2017,2/14/2005,74.82,6.98,67.84
667,CPIX,4315,380.8,867.04,5/10/2014,2/19/2003,486.24,82.56,403.68
668,INTU,1265,708.54,130.79,12/18/2007,7/7/2005,-577.75,3.38,-581.13
669,SDT,1776,922.26,706.11,11/10/2007,2/14/2004,-216.15,67.13,-283.28
670,GOGO,837,543.07,788.24,1/20/2016,12/29/2009,245.17,25.64,219.53
671,ABIO,7078,154.03,327.45,8/30/2022,7/3/2013,173.42,22.3,151.12
672,DOX,5062,291.36,297.2,1/12/2016,8/1/2021,5.84,73.1,-67.26
673,UAL,5248,319.23,482.33,8/28/2015,1/26/2015,163.1,8.13,154.97
674,SRRA,5975,733.93,746.35,10/31/2009,8/7/2016,12.42,93.58,-81.16
675,CTL,7049,272.94,135.99,11/28/2003,11/18/2006,-136.95,92.1,-229.05
676,GBNK,5425,901.23,953.7,11/7/2003,1/26/2019,52.47,96.65,-44.18
677,IGI,1307,834.64,823.68,7/2/2011,7/14/2014,-10.96,71.33,-82.29
678,EME,6019,625.04,193.34,10/13/2021,9/19/2005,-431.7,37.2,-468.9
679,ADC,3363,166.77,572.38,9/24/2013,7/22/2012,405.61,33.63,371.98
680,IPAR,414,841.53,255.06,10/28/2009,3/3/2019,-586.47,72.82,-659.29
681,AFSD,1959,232.27,101.54,4/24/2012,4/27/2004,-130.73,59.11,-189.84
682,RSO^B,5564,203.27,19.87,3/8/2015,12/15/2012,-183.4,40.92,-224.32
683,SPOK,9816,334.64,331.49,5/24/2014,4/28/2009,-3.15,9.56,-12.71
684,WMS,4076,802.24,639.45,9/29/2017,7/22/2013,-162.79,9.22,-172.01
685,OAKS^A,4392,870.61,882.07,2/16/2005,1/28/2003,11.46,12.44,-0.98
686,CMU,9026,422.1,961.7,7/14/2005,7/20/2013,539.6,95.19,444.41
687,CUBI^D,4575,90.41,737.67,12/10/2022,12/8/2017,647.26,38.88,608.38
688,SSFN,8013,933.29,889.1,12/8/2007,2/21/2008,-44.19,90.41,-134.6
689,BFO,7530,750.02,221.16,4/13/2010,1/27/2008,-528.86,34.29,-563.15
690,MGA,2306,768.64,326.77,7/31/2017,1/24/2005,-441.87,52.77,-494.64
691,EXAC,3205,75.56,533.5,10/25/2005,6/23/2004,457.94,50.88,407.06
692,APTO,2207,946.7,27.56,11/18/2007,10/26/2020,-919.14,4.38,-923.52
693,PBFX,6535,802.19,126.94,6/17/2016,1/12/2002,-675.25,57.01,-732.26
694,ATNI,4251,304.5,599.79,2/11/2013,2/22/2003,295.29,87.33,207.96
695,CPSI,8080,651.58,47.42,9/10/2002,7/5/2015,-604.16,43.23,-647.39
696,UZC,859,354.27,726.06,12/22/2017,6/13/2017,371.79,28.98,342.81
697,PSA^Z,1935,774.88,150.51,10/30/2022,6/17/2008,-624.37,42.11,-666.48
698,CWAY,4595,448.46,740.48,12/5/2008,5/1/2015,292.02,13.5,278.52
699,KAACU,510,437.69,10.78,4/6/2009,8/29/2004,-426.91,37.7,-464.61
700,CLNS^A.CL,9551,66.5,304.1,3/15/2000,6/5/2003,237.6,25.36,212.24
701,KRO,1243,170.22,240.15,4/15/2008,6/11/2019,69.93,68.89,1.04
702,SNPS,2324,75.82,334.75,7/13/2014,11/5/2003,258.93,6.78,252.15
703,ABR^C,1327,886.75,300.6,4/10/2016,10/25/2012,-586.15,81.09,-667.24
704,WBT,6370,389.45,616.01,3/4/2007,3/2/2001,226.56,62.24,164.32
705,WTR,3211,918.54,768.66,2/3/2000,5/9/2011,-149.88,22.32,-172.2
706,COST,6379,122.57,618.48,7/2/2014,10/3/2006,495.91,36.05,459.86
707,BIT,3446,77.35,290.3,1/4/2018,4/29/2018,212.95,0.9,212.05
708,RLGY,2528,329.7,261.99,12/14/2015,2/23/2022,-67.71,17.16,-84.87
709,HSBC,2439,753.16,510.94,9/20/2016,4/18/2008,-242.22,74.34,-316.56
710,LUV,1049,841.05,754.34,9/6/2022,6/20/2020,-86.71,55.03,-141.74
711,TRMB,6077,173.86,593.38,9/24/2006,6/15/2014,419.52,93.77,325.75
712,GMS,5696,36.42,45.09,7/6/2010,1/30/2016,8.67,34.27,-25.6
713,AGIO,4598,441.91,113.34,10/8/2008,8/10/2019,-328.57,56.35,-384.92
714,AHT^F,4010,429.56,92.18,12/18/2004,7/21/2013,-337.38,57.47,-394.85
715,CBL^D,405,840.5,800.51,4/18/2020,1/26/2016,-39.99,94.12,-134.11
716,UNB,5578,960.03,63.96,2/15/2014,7/2/2018,-896.07,46.41,-942.48
717,KOOL,7327,4.26,548.1,11/15/2016,8/28/2020,543.84,0.06,543.78
718,PRA,7544,330.05,800.36,4/6/2003,7/5/2013,470.31,32.77,437.54
719,OPY,9945,381.27,353.33,8/21/2012,4/14/2003,-27.94,54.84,-82.78
720,REN           ,856,165.16,997.09,6/13/2010,10/8/2016,831.93,69.96,761.97
721,HIVE,6982,922.25,5.64,5/20/2019,3/18/2013,-916.61,22.49,-939.1
722,CRI,8825,480.52,313.53,11/17/2018,3/6/2014,-166.99,33.85,-200.84
723,TUES,7144,58.43,623.8,3/30/2002,12/31/2011,565.37,33.85,531.52
724,SIRI,258,630.07,298.2,5/2/2008,9/12/2008,-331.87,25.08,-356.95
725,AWI,5635,669.99,126.24,1/16/2019,6/5/2006,-543.75,82.36,-626.11
726,TDC,1736,815.7,271.41,8/15/2002,12/28/2012,-544.29,61.72,-606.01
727,EBAY,9852,673.41,371.96,12/9/2003,5/30/2013,-301.45,46.39,-347.84
728,STWD,3495,888.01,433.74,6/2/2009,5/16/2000,-454.27,6.36,-460.63
729,SYT,6009,395.88,545.21,6/29/2011,9/22/2011,149.33,38.44,110.89
730,MEN,6495,573.21,892.04,8/15/2014,5/31/2019,318.83,8.91,309.92
731,LALT,6405,780.11,59.37,5/23/2010,2/12/2021,-720.74,27.09,-747.83
732,GLA,4384,713.66,601.71,6/4/2012,4/26/2016,-111.95,71.95,-183.9
733,URRE,6982,884.26,898.74,3/17/2022,11/2/2006,14.48,9.48,5.0
734,CAVM,2507,232.66,700.45,4/25/2011,8/9/2005,467.79,68.58,399.21
735,UONE,5518,679.78,321.86,7/27/2008,11/7/2003,-357.92,32.57,-390.49
736,GGG,5003,478.38,703.42,9/4/2022,4/9/2013,225.04,32.01,193.03
737,WSFS,395,901.1,753.12,5/13/2018,5/24/2004,-147.98,77.2,-225.18
738,LH,2354,286.17,533.72,10/3/2013,1/20/2020,247.55,53.78,193.77
739,STAR^I,9457,126.52,888.29,7/7/2009,1/13/2021,761.77,98.86,662.91
740,COF^D,4243,768.28,826.74,11/22/2000,5/8/2020,58.46,12.24,46.22
741,CASM,7602,931.53,315.26,5/9/2011,12/26/2003,-616.27,33.2,-649.47
742,VNET,2104,665.09,243.11,5/20/2020,8/26/2004,-421.98,19.26,-441.24
743,INTX,1446,328.24,629.89,7/30/2022,10/24/2017,301.65,8.1,293.55
744,NEWT,8721,625.65,179.03,6/8/2010,2/3/2010,-446.62,10.39,-457.01
745,KTP,3080,705.26,389.88,1/25/2000,11/7/2001,-315.38,63.5,-378.88
746,ATHX,9508,632.98,653.95,9/13/2019,10/17/2019,20.97,6.48,14.49
747,BLCM,8299,84.02,582.34,12/10/2003,9/24/2014,498.32,31.05,467.27
748,VER,3893,58.85,244.91,1/31/2015,11/11/2009,186.06,19.23,166.83
749,WSFSL,3043,838.32,301.73,8/6/2006,5/7/2015,-536.59,57.77,-594.36
750,NVIV,6065,75.57,768.4,5/1/2006,1/17/2000,692.83,49.31,643.52
751,SNDE,3507,831.68,470.07,8/23/2008,4/23/2018,-361.61,49.92,-411.53
752,CHGG,8897,151.0,548.4,9/14/2001,9/18/2008,397.4,29.13,368.27
753,DIAX,3668,599.95,199.72,8/12/2002,1/14/2004,-400.23,46.99,-447.22
754,ENVA,6674,697.09,508.01,10/13/2007,1/21/2010,-189.08,81.15,-270.23
755,FTXO,2192,453.86,792.89,12/26/2007,4/2/2015,339.03,95.27,243.76
756,QSII,9280,536.47,220.78,9/4/2016,9/28/2010,-315.69,73.56,-389.25
757,KTCC,526,77.77,866.73,11/22/2021,12/5/2003,788.96,49.38,739.58
758,AA,6524,529.76,883.73,6/5/2000,1/2/2011,353.97,24.1,329.87
759,AFT,3649,131.07,258.8,6/23/2015,8/24/2009,127.73,24.94,102.79
760,GGM,4125,338.14,574.79,3/20/2006,3/30/2013,236.65,29.86,206.79
761,JW.B,8824,476.06,78.41,1/22/2013,3/2/2011,-397.65,83.21,-480.86
762,HPI,9008,847.66,472.48,1/15/2018,1/30/2015,-375.18,98.72,-473.9
763,UG,4724,663.82,51.91,12/7/2001,4/26/2020,-611.91,77.07,-688.98
764,HSBC,4241,629.8,794.13,1/2/2005,7/16/2015,164.33,24.28,140.05
765,LPCN,4888,589.09,532.38,3/25/2017,9/21/2010,-56.71,23.5,-80.21
766,VSEC,6514,894.13,36.5,5/21/2012,10/11/2020,-857.63,95.23,-952.86
767,MHN,603,277.63,401.38,1/8/2006,12/27/2010,123.75,77.09,46.66
768,MSG,535,351.45,548.04,1/28/2002,6/7/2021,196.59,24.82,171.77
769,AXON          ,7570,724.13,395.24,12/17/2006,6/14/2017,-328.89,69.98,-398.87
770,BOKF,9657,934.23,449.91,7/11/2008,7/4/2000,-484.32,87.91,-572.23
771,Q,3177,458.13,119.41,9/13/2014,10/29/2005,-338.72,44.57,-383.29
772,NEPT,4747,327.92,826.2,10/31/2009,5/17/2013,498.28,92.22,406.06
773,SAUC,6046,363.11,602.33,9/29/2017,3/9/2018,239.22,98.01,141.21
774,HFWA,8122,664.09,135.74,4/12/2010,9/24/2007,-528.35,40.32,-568.67
775,LFC,5678,398.47,194.43,7/9/2015,9/11/2016,-204.04,22.64,-226.68
776,BKS,8752,616.09,413.93,4/4/2018,4/14/2009,-202.16,43.5,-245.66
777,FNBG,4970,716.34,799.13,9/22/2005,7/17/2016,82.79,60.98,21.81
778,ARTW,1980,791.46,751.76,12/21/2000,8/28/2021,-39.7,60.84,-100.54
779,NTEST,5844,65.28,304.13,4/25/2003,10/29/2018,238.85,58.12,180.73
780,GJV,9519,442.67,255.38,10/8/2007,12/25/2016,-187.29,59.98,-247.27
781,RCM,2583,435.56,377.47,9/26/2010,12/18/2017,-58.09,48.39,-106.48
782,KMDA,364,971.34,666.63,9/15/2012,1/12/2010,-304.71,82.86,-387.57
783,WBC,4866,248.92,400.28,6/22/2003,7/24/2010,151.36,44.03,107.33
784,JMPB,3679,856.81,787.14,6/2/2003,5/19/2013,-69.67,49.51,-119.18
785,TBPH,4831,690.75,551.96,7/9/2010,3/28/2017,-138.79,86.25,-225.04
786,WBMD,8289,316.34,633.66,3/30/2004,2/23/2000,317.32,97.82,219.5
787,SNES,930,392.88,655.86,1/25/2015,7/6/2012,262.98,82.69,180.29
788,MXL,6129,783.3,213.35,2/13/2006,3/21/2003,-569.95,15.94,-585.89
789,VKQ,8653,414.4,518.49,4/23/2011,4/13/2007,104.09,80.77,23.32
790,FIG,3098,675.06,514.5,10/17/2014,12/3/2011,-160.56,46.13,-206.69
791,HUM,744,162.36,775.48,3/14/2000,8/16/2009,613.12,99.71,513.41
792,NZF,9366,476.71,102.04,12/23/2020,3/14/2005,-374.67,47.06,-421.73
793,MTGEP,965,249.17,265.53,7/4/2020,2/17/2010,16.36,83.92,-67.56
794,IAG,6981,209.37,942.92,6/9/2000,10/12/2006,733.55,20.46,713.09
795,SQBG,2147,18.78,620.19,8/27/2011,5/15/2019,601.41,53.23,548.18
796,QINC,3312,274.6,964.68,5/3/2005,10/19/2013,690.08,28.77,661.31
797,NSC,3778,659.04,82.16,3/11/2005,7/18/2005,-576.88,56.04,-632.92
798,TR,7382,539.45,156.03,2/10/2016,2/21/2009,-383.42,4.76,-388.18
799,RY^S,5643,371.51,986.35,2/18/2008,9/8/2006,614.84,23.34,591.5
800,SEMG,8635,474.33,998.23,1/16/2011,11/23/2020,523.9,27.91,495.99
801,LOGM,7154,853.83,221.11,2/15/2022,7/17/2009,-632.72,74.93,-707.65
802,IMMU,7478,358.63,194.85,1/27/2004,8/31/2007,-163.78,40.33,-204.11
803,NBRV,709,407.75,842.75,9/3/2008,3/7/2018,435.0,25.06,409.94
804,INSW,6170,998.49,883.85,3/2/2012,6/6/2008,-114.64,10.89,-125.53
805,WMGI,6163,322.19,371.58,10/7/2000,10/29/2000,49.39,42.87,6.52
806,RIBTW,5707,993.47,766.73,6/10/2009,1/26/2020,-226.74,11.33,-238.07
807,DCUC,9915,733.11,173.64,7/11/2011,7/11/2004,-559.47,68.32,-627.79
808,TRUE,1327,836.8,561.29,1/30/2004,1/18/2011,-275.51,41.46,-316.97
809,IPAR,4452,707.06,577.15,8/29/2006,12/24/2019,-129.91,33.63,-163.54
810,AXR,249,126.85,706.22,10/24/2004,5/10/2000,579.37,96.7,482.67
811,OXM,184,199.77,189.65,8/22/2000,12/30/2003,-10.12,82.2,-92.32
812,CSBR,7681,814.71,140.9,1/6/2011,9/27/2021,-673.81,40.42,-714.23
813,CMPR,5097,261.39,498.27,3/25/2020,12/18/2015,236.88,0.28,236.6
814,DCUD,275,104.33,79.04,4/26/2013,12/1/2020,-25.29,78.69,-103.98
815,WBAI,5642,752.92,406.4,5/14/2000,4/12/2010,-346.52,48.96,-395.48
816,PSCF,3518,288.26,11.9,8/27/2015,6/5/2001,-276.36,9.68,-286.04
817,XHR,1148,46.23,586.75,5/22/2003,8/14/2009,540.52,79.8,460.72
818,VCV,5379,730.52,752.49,2/17/2020,11/16/2019,21.97,77.02,-55.05
819,HBHCL,692,257.56,848.67,9/23/2016,7/1/2020,591.11,33.46,557.65
820,WRD,8537,51.51,613.02,3/3/2013,5/2/2016,561.51,91.22,470.29
821,AFGE,1552,969.77,74.85,4/19/2005,1/31/2021,-894.92,45.08,-940.0
822,FSCFL,4396,571.33,328.9,6/5/2015,8/16/2021,-242.43,80.1,-322.53
823,HK,4293,491.97,494.14,9/16/2003,9/14/2005,2.17,6.27,-4.1
824,FBIZ,6594,80.06,425.75,12/29/2022,12/17/2014,345.69,77.33,268.36
825,MYI,9425,181.61,399.96,3/26/2014,9/9/2022,218.35,53.22,165.13
826,LPT,5617,551.39,406.45,7/26/2016,6/6/2012,-144.94,36.25,-181.19
827,MPB,2388,566.78,463.38,5/16/2012,3/22/2003,-103.4,8.87,-112.27
828,EGP,9453,329.1,112.9,4/6/2011,12/12/2022,-216.2,72.1,-288.3
829,MSD,7851,959.33,582.55,10/12/2011,12/17/2009,-376.78,25.07,-401.85
830,PTX,3844,384.65,577.25,6/23/2017,9/9/2013,192.6,27.6,165.0
831,WPRT,774,911.94,366.87,4/10/2014,4/16/2011,-545.07,46.38,-591.45
832,TILE,7057,535.17,576.36,1/28/2011,4/10/2003,41.19,4.33,36.86
833,VICL,4487,597.23,558.14,4/27/2022,4/14/2003,-39.09,93.01,-132.1
834,JBSS,1161,304.6,56.15,5/16/2020,3/19/2001,-248.45,56.79,-305.24
835,FRBK,3580,881.94,565.53,2/15/2010,9/19/2021,-316.41,10.44,-326.85
836,SRE,9413,807.31,118.03,8/11/2013,11/15/2020,-689.28,35.03,-724.31
837,CYBR,2441,354.93,69.75,2/27/2002,1/17/2006,-285.18,62.54,-347.72
838,MRC,7302,815.09,680.32,8/25/2009,1/19/2004,-134.77,52.22,-186.99
839,CLDC,3958,486.56,506.61,9/25/2012,11/30/2014,20.05,57.33,-37.28
840,PXD,5101,908.88,517.09,12/3/2003,3/10/2020,-391.79,20.03,-411.82
841,RDIB,377,122.94,656.52,2/13/2008,6/25/2002,533.58,96.26,437.32
842,SCHL,2516,559.69,276.29,1/19/2007,1/9/2017,-283.4,21.97,-305.37
843,TCRZ,5221,959.57,297.67,5/31/2003,6/12/2016,-661.9,0.3,-662.2
844,MBTF,1510,219.73,525.14,6/12/2007,10/12/2014,305.41,42.41,263.0
845,BEP,8064,764.28,773.73,4/27/2016,3/10/2017,9.45,86.84,-77.39
846,HTH,7572,240.67,444.24,4/21/2004,3/7/2018,203.57,94.07,109.5
847,CTRP,8127,297.06,870.66,3/22/2010,5/13/2022,573.6,6.51,567.09
848,GTS,6972,994.91,878.54,12/25/2001,8/15/2022,-116.37,92.55,-208.92
849,RS,6993,575.42,399.61,8/23/2012,9/1/2001,-175.81,13.08,-188.89
850,VNO^K,2797,946.61,717.05,2/15/2005,12/12/2012,-229.56,41.06,-270.62
851,KMDA,2821,266.64,756.08,2/22/2009,11/20/2012,489.44,48.59,440.85
852,ITW,5589,170.03,191.11,8/15/2008,7/12/2013,21.08,91.0,-69.92
853,MMP,6201,879.25,862.47,12/17/2005,6/11/2010,-16.78,21.11,-37.89
854,TBI,8305,943.65,694.42,11/18/2017,1/28/2019,-249.23,47.19,-296.42
855,AZPN,8066,609.64,77.78,6/17/2008,5/2/2018,-531.86,96.11,-627.97
856,BXP,5463,146.25,929.08,5/20/2000,10/18/2018,782.83,7.44,775.39
857,BITA,1727,19.23,154.16,8/29/2008,7/29/2019,134.93,88.42,46.51
858,BSF,3447,952.38,632.47,3/29/2017,11/28/2021,-319.91,40.0,-359.91
859,RGT,9702,762.61,541.31,6/7/2020,10/26/2016,-221.3,94.92,-316.22
860,BHVN,1034,913.88,602.49,6/27/2016,8/24/2019,-311.39,96.16,-407.55
861,SQM,2454,574.88,555.02,10/28/2012,6/30/2001,-19.86,13.65,-33.51
862,MLAB,2168,553.36,212.13,2/15/2013,6/17/2001,-341.23,74.87,-416.1
863,ENO,7886,584.37,723.48,12/8/2002,3/18/2006,139.11,36.96,102.15
864,CNXN,3562,843.75,926.7,10/29/2013,12/8/2020,82.95,82.46,0.49
865,ADRU,6270,461.54,325.78,1/5/2021,7/8/2003,-135.76,8.04,-143.8
866,PKI,7835,135.95,202.89,5/13/2003,8/11/2022,66.94,29.05,37.89
867,ALK,95,664.65,290.96,6/28/2006,6/11/2017,-373.69,28.29,-401.98
868,KEQU,7801,441.29,828.62,7/15/2006,7/31/2000,387.33,12.64,374.69
869,VAR,9617,597.36,484.0,8/8/2006,3/4/2015,-113.36,31.96,-145.32
870,PPC,7040,859.95,991.3,6/26/2005,5/30/2011,131.35,67.96,63.39
871,RCL,702,374.25,174.78,1/11/2000,1/19/2008,-199.47,7.06,-206.53
872,CTRP,6347,361.08,788.5,4/11/2022,2/28/2022,427.42,66.35,361.07
873,CFBK,4915,122.84,402.56,11/26/2011,7/30/2007,279.72,87.35,192.37
874,SAL,6777,882.95,56.1,9/17/2004,8/15/2015,-826.85,16.96,-843.81
875,CRVS,125,6.02,163.36,1/28/2018,11/3/2022,157.34,11.11,146.23
876,EXFO,7468,21.49,368.51,3/1/2015,2/12/2006,347.02,64.93,282.09
877,KSU,3702,962.26,544.95,4/28/2022,9/30/2006,-417.31,35.64,-452.95
878,TECH,8202,915.73,272.99,3/24/2006,9/25/2014,-642.74,65.98,-708.72
879,NPO,6067,118.78,502.14,7/19/2021,7/13/2020,383.36,7.7,375.66
880,NWS,7009,379.22,163.11,8/27/2021,12/15/2022,-216.11,23.2,-239.31
881,NEE^K,6829,33.45,83.95,11/1/2000,2/26/2005,50.5,17.46,33.04
882,NBR,5194,139.62,375.09,10/24/2018,10/31/2017,235.47,30.45,205.02
883,MOD,4425,673.65,973.88,8/3/2016,10/17/2006,300.23,16.31,283.92
884,W,901,357.92,595.05,8/17/2010,1/25/2011,237.13,27.11,210.02
885,FMBH,8273,19.46,964.0,3/6/2001,5/18/2012,944.54,20.24,924.3
886,TAYD,5595,971.8,268.35,1/11/2006,12/25/2008,-703.45,95.52,-798.97
887,VIIX,9547,252.01,226.46,1/30/2000,5/31/2015,-25.55,74.37,-99.92
888,EDF,1326,949.07,139.79,12/6/2006,5/3/2001,-809.28,60.83,-870.11
889,HBIO,6276,371.2,678.35,12/5/2013,7/28/2006,307.15,15.67,291.48
890,BMTC,6748,1.82,270.36,4/3/2002,1/22/2003,268.54,9.74,258.8
891,UHT,3444,474.48,472.94,8/28/2002,2/18/2007,-1.54,25.28,-26.82
892,DM,5799,406.78,132.91,11/5/2016,12/7/2004,-273.87,10.12,-283.99
893,GAINN,4556,939.69,22.97,12/9/2000,8/8/2020,-916.72,18.2,-934.92
894,ZF,7864,253.13,608.18,4/11/2019,5/11/2010,355.05,70.79,284.26
895,CHUBA,2415,402.94,221.95,4/28/2004,9/6/2002,-180.99,58.4,-239.39
896,FI,769,97.36,830.17,11/2/2000,11/12/2016,732.81,98.59,634.22
897,TPVZ,2216,709.32,128.08,6/27/2017,6/20/2006,-581.24,88.25,-669.49
898,OFG^D,8106,894.17,250.97,12/30/2001,4/7/2006,-643.2,65.2,-708.4
899,MYOV,8058,561.13,330.57,9/17/2019,5/3/2006,-230.56,16.95,-247.51
900,BML^H,6483,435.14,937.16,1/24/2003,3/15/2010,502.02,20.4,481.62
901,SBFG,7697,316.37,515.45,1/4/2016,5/19/2018,199.08,0.12,198.96
902,HQY,82,497.56,201.31,3/15/2011,9/19/2004,-296.25,88.71,-384.96
903,UMH^B,5391,782.18,753.59,2/22/2015,9/4/2010,-28.59,6.8,-35.39
904,ACC,8172,607.54,289.93,10/3/2016,7/8/2012,-317.61,47.66,-365.27
905,DCT,9753,614.5,264.1,10/22/2010,12/30/2021,-350.4,1.03,-351.43
906,NVTR,4079,60.09,4.69,6/5/2021,6/12/2005,-55.4,33.82,-89.22
907,TRV,6819,225.27,174.39,10/20/2007,4/21/2009,-50.88,27.62,-78.5
908,PAVM,9805,237.76,422.14,12/23/2020,6/26/2018,184.38,76.18,108.2
909,AFAM,7983,546.64,866.59,12/14/2001,7/4/2007,319.95,35.43,284.52
910,UNP,9185,51.95,888.31,6/10/2022,1/20/2010,836.36,98.01,738.35
911,VIGI,8162,949.52,462.71,1/8/2006,4/7/2001,-486.81,37.18,-523.99
912,FV,638,96.04,927.32,10/12/2015,5/26/2009,831.28,86.8,744.48
913,RAD,7477,313.86,317.18,3/7/2013,10/25/2020,3.32,96.59,-93.27
914,OME,8158,326.57,21.73,12/8/2005,11/10/2002,-304.84,76.18,-381.02
915,CBFV,8516,779.29,65.56,1/29/2017,6/1/2012,-713.73,21.88,-735.61
916,SUI^A,103,520.0,955.52,10/3/2019,2/8/2016,435.52,37.93,397.59
917,FMI,634,366.6,62.45,9/16/2006,2/29/2020,-304.15,93.26,-397.41
918,PACD,1307,809.14,595.86,5/27/2003,5/17/2006,-213.28,80.35,-293.63
919,PFPT,7319,747.09,710.3,7/18/2001,3/30/2018,-36.79,75.98,-112.77
920,GTYH,7991,715.56,702.0,7/24/2010,8/8/2001,-13.56,42.41,-55.97
921,FMK,9431,987.88,800.35,9/15/2015,2/11/2022,-187.53,58.86,-246.39
922,PBA,1537,360.57,280.52,6/10/2020,2/25/2004,-80.05,79.41,-159.46
923,TWNK,1090,399.95,504.07,3/22/2013,4/17/2007,104.12,87.46,16.66
924,FSV,2700,938.16,97.56,9/18/2014,12/31/2009,-840.6,42.68,-883.28
925,CART,987,544.39,737.4,5/28/2003,2/27/2019,193.01,31.24,161.77
926,IHG,1597,26.29,213.56,1/10/2008,5/28/2015,187.27,21.69,165.58
927,BJZ,967,142.23,881.83,12/26/2021,1/20/2021,739.6,10.18,729.42
928,MSBF,7666,848.63,946.0,12/15/2009,4/11/2013,97.37,90.54,6.83
929,BBH,2960,248.92,681.41,7/3/2015,2/14/2019,432.49,96.04,336.45
930,LILA,8966,213.95,66.78,1/6/2018,2/27/2018,-147.17,58.5,-205.67
931,BETR,1406,385.92,952.14,2/5/2014,12/28/2001,566.22,94.85,471.37
932,REPH,6431,127.4,1.39,10/29/2018,1/17/2006,-126.01,45.16,-171.17
933,OSG,3295,913.62,873.18,10/6/2013,12/8/2008,-40.44,86.74,-127.18
934,ABX,6167,761.12,14.61,5/26/2010,5/5/2013,-746.51,81.17,-827.68
935,GPT^A,794,161.65,776.51,6/6/2013,9/18/2002,614.86,79.11,535.75
936,ASRVP,5479,120.48,608.72,7/31/2002,6/13/2014,488.24,47.8,440.44
937,GBLIL,865,411.0,579.15,8/11/2013,8/17/2005,168.15,73.18,94.97
938,KSM,6601,804.67,436.48,12/17/2007,4/14/2015,-368.19,82.26,-450.45
939,GLP,5195,516.79,782.54,6/25/2016,10/4/2014,265.75,22.91,242.84
940,WPG^I,3228,70.99,587.93,3/10/2011,10/3/2002,516.94,68.28,448.66
941,NNY,9125,202.18,682.86,4/29/2013,11/26/2010,480.68,80.25,400.43
942,MSM,7479,434.54,103.49,6/27/2001,1/6/2015,-331.05,47.62,-378.67
943,AXE,7784,59.55,859.89,2/14/2020,7/3/2006,800.34,92.53,707.81
944,FRAC,1227,513.95,235.2,8/16/2013,12/4/2014,-278.75,70.21,-348.96
945,ASPS,82,812.2,789.89,3/24/2012,10/27/2005,-22.31,52.07,-74.38
946,GRR,1396,366.71,386.26,1/27/2000,2/12/2011,19.55,15.25,4.3
947,CNO,1389,441.21,263.09,7/1/2006,9/30/2013,-178.12,72.65,-250.77
948,DSKE,8614,576.68,171.73,1/26/2001,10/13/2015,-404.95,64.72,-469.67
949,DWSN,5742,581.59,915.46,12/2/2022,8/31/2018,333.87,73.96,259.91
950,JHG,5857,304.09,954.34,7/27/2007,6/23/2017,650.25,3.08,647.17
951,WHLM,1211,606.59,890.24,1/29/2022,11/4/2006,283.65,44.35,239.3
952,INSM,9090,353.35,602.61,11/8/2021,3/29/2016,249.26,86.73,162.53
953,SMRT,534,120.41,133.25,9/21/2010,1/28/2018,12.84,22.34,-9.5
954,HLF,1174,712.99,121.68,2/19/2017,3/30/2001,-591.31,4.35,-595.66
955,SCZ,2264,344.05,79.02,3/12/2011,3/21/2020,-265.03,64.26,-329.29
956,RDNT,1199,920.63,863.79,11/24/2000,8/27/2010,-56.84,65.92,-122.76
957,GBDC,3879,456.66,390.56,3/28/2011,11/27/2022,-66.1,25.12,-91.22
958,ARR,4751,569.46,370.47,2/11/2015,4/17/2018,-198.99,1.68,-200.67
959,COE,7534,115.07,125.23,5/24/2016,7/30/2021,10.16,17.11,-6.95
960,WFC^Q,6446,494.92,294.77,11/28/2015,11/19/2010,-200.15,37.68,-237.83
961,CBM,1395,876.05,771.53,6/11/2017,1/3/2014,-104.52,26.21,-130.73
962,DEI,2996,434.51,710.13,10/14/2013,8/14/2005,275.62,48.0,227.62
963,CHFC,3364,562.94,621.82,8/31/2004,2/27/2018,58.88,43.99,14.89
964,GLBR,9575,109.49,80.87,12/11/2001,3/9/2008,-28.62,5.87,-34.49
965,HOLX,4281,181.26,169.41,3/18/2008,3/24/2004,-11.85,40.88,-52.73
966,MIIIW,1582,276.79,133.89,8/14/2018,8/23/2017,-142.9,73.38,-216.28
967,REGI,831,210.09,308.25,6/5/2022,8/24/2022,98.16,63.94,34.22
968,WPZ,6646,802.45,982.12,1/5/2018,3/8/2013,179.67,97.17,82.5
969,NCR,614,124.27,560.02,12/21/2004,12/8/2019,435.75,60.55,375.2
970,MGCD,7277,155.24,577.54,3/17/2001,6/16/2013,422.3,67.9,354.4
971,HBK,8459,950.78,168.52,7/16/2016,5/14/2007,-782.26,24.62,-806.88
972,HVT,5601,742.94,923.94,11/13/2010,9/9/2020,181.0,22.16,158.84
973,SELF,2076,17.14,41.04,7/13/2022,3/20/2008,23.9,59.29,-35.39
974,HAFC,3288,711.02,716.13,10/14/2011,7/3/2018,5.11,62.3,-57.19
975,RPD,8556,325.81,130.85,4/2/2014,3/24/2008,-194.96,82.13,-277.09
976,THC,8651,792.56,923.83,5/29/2004,4/3/2018,131.27,56.02,75.25
977,HSKA,6286,963.92,18.71,1/24/2010,4/24/2020,-945.21,91.56,-1036.77
978,APDN,9570,853.22,937.38,11/19/2006,10/13/2021,84.16,74.72,9.44
979,ZYME,7699,214.22,42.51,11/16/2004,10/12/2016,-171.71,59.66,-231.37
980,BK^C,8057,494.13,253.19,3/1/2019,3/20/2019,-240.94,90.3,-331.24
981,WINS,7045,324.2,423.94,7/11/2010,10/11/2014,99.74,97.17,2.57
982,SWJ,2900,165.77,158.65,11/30/2008,10/30/2015,-7.12,70.71,-77.83
983,FTLB,9104,718.32,684.03,10/30/2018,7/26/2001,-34.29,23.82,-58.11
984,XEC,7101,622.41,981.39,10/31/2000,9/6/2010,358.98,52.71,306.27
985,NDLS,1578,278.3,294.01,10/25/2018,9/23/2018,15.71,59.02,-43.31
986,AP,6900,468.16,959.06,5/11/2017,7/1/2003,490.9,3.73,487.17
987,BATRK,9522,357.39,912.88,1/16/2015,3/1/2003,555.49,94.69,460.8
988,AFSS,382,870.95,953.96,10/5/2011,6/20/2003,83.01,92.3,-9.29
989,FLIR,8425,780.98,175.86,7/2/2021,11/17/2022,-605.12,25.54,-630.66
990,STI.WS.A,1510,866.62,535.96,3/12/2001,9/6/2000,-330.66,96.79,-427.45
991,UCTT,9982,190.34,592.56,3/15/2001,5/16/2020,402.22,99.5,302.72
992,LYV,6463,312.58,869.59,7/28/2020,12/1/2014,557.01,61.06,495.95
993,PLUS,1187,937.2,480.19,4/10/2015,8/24/2009,-457.01,67.77,-524.78
994,ARQL,1931,822.36,6.57,7/31/2002,6/22/2009,-815.79,37.69,-853.48
995,SXE,9038,661.57,599.15,5/10/2007,12/21/2017,-62.42,1.72,-64.14
996,STAR^E,3994,445.04,968.37,1/17/2011,6/28/2018,523.33,45.67,477.66
997,GGG,488,394.84,647.43,8/21/2016,4/14/2012,252.59,10.22,242.37
998,BAC^W,9779,38.54,865.63,10/21/2017,10/2/2010,827.09,98.54,728.55
999,ALNY,5196,397.05,621.38,9/22/2017,7/30/2013,224.33,63.52,160.81
1000,INSE,6336,9.87,671.0,8/23/2019,1/21/2010,661.13,46.06,615.07
